./ui/android/java/src/org/chromium/ui/LocalizationUtils.java,1,1,0,0,1,0,0,0,8,0,4,0,0,4,8,0,3,3,0,0,0,3,0
./ui/android/java/src/org/chromium/ui/UiUtils.java,1,1,0,0,1,0,0,0,5,0,4,0,0,1,5,0,0,0,0,0,0,0,0
./ui/android/java/src/org/chromium/ui/WindowAndroid.java,2,1,1,0,2,0,0,0,13,0,10,1,0,2,0,13,8,0,3,1,4,3,5
./ui/android/java/src/org/chromium/ui/OnColorChangedListener.java,1,0,1,0,1,0,0,0,1,0,0,0,1,0,0,1,0,0,0,0,0,0,0
./ui/android/java/src/org/chromium/ui/ViewAndroid.java,1,1,0,0,1,0,0,0,5,0,3,0,0,2,0,5,3,0,0,0,3,0,3
./ui/android/java/src/org/chromium/ui/ColorPickerAdvanced.java,1,1,0,0,1,0,0,0,13,0,7,0,0,6,0,13,12,0,0,3,9,6,6
./ui/android/java/src/org/chromium/ui/ColorPickerSimple.java,1,1,0,0,1,0,0,0,6,0,4,1,0,1,0,6,9,0,0,0,9,4,5
./ui/android/java/src/org/chromium/ui/ColorPickerAdvancedComponent.java,1,1,0,0,1,0,0,0,3,0,3,0,0,0,0,3,5,0,0,0,5,0,5
./ui/android/java/src/org/chromium/ui/ColorPickerDialog.java,1,1,0,0,1,0,0,0,8,0,5,0,0,3,0,8,7,0,0,0,7,0,7
./ui/android/java/src/org/chromium/ui/SelectFileDialog.java,1,1,0,0,0,0,1,0,17,0,1,0,0,16,1,16,16,0,0,0,16,12,4
./ui/android/java/src/org/chromium/ui/ViewAndroidDelegate.java,1,0,1,0,1,0,0,0,3,0,0,0,3,0,0,3,0,0,0,0,0,0,0
./ui/android/java/src/org/chromium/ui/Clipboard.java,1,1,0,0,1,0,0,0,4,0,0,0,0,4,1,3,2,0,0,0,2,0,2
./ui/android/java/src/org/chromium/ui/gfx/BitmapHelper.java,1,1,0,0,1,0,0,0,2,0,2,0,0,0,2,0,0,0,0,0,0,0,0
./ui/android/java/src/org/chromium/ui/gfx/DeviceDisplayInfo.java,1,1,0,0,1,0,0,0,9,0,6,0,0,3,1,8,2,0,0,0,2,0,2
./ui/android/java/src/org/chromium/ui/gfx/SurfaceTextureListener.java,1,1,0,0,0,0,1,0,5,0,1,1,0,3,1,4,1,0,0,0,1,0,1
./ui/android/java/src/org/chromium/ui/autofill/AutofillListAdapter.java,1,1,0,0,1,0,0,0,1,0,1,0,0,0,0,1,1,0,0,0,1,0,1
./ui/android/java/src/org/chromium/ui/autofill/AutofillPopup.java,2,1,1,0,2,0,0,0,10,0,9,0,0,1,0,10,15,0,0,0,15,4,11
./ui/android/java/src/org/chromium/ui/autofill/AutofillSuggestion.java,1,1,0,0,1,0,0,0,0,0,0,0,0,0,0,0,3,0,0,3,0,0,3
./ui/android/java/resource_map/org/chromium/ui/R.java,6,6,0,0,6,0,0,0,0,0,0,0,0,0,0,0,27,27,0,0,0,27,0
./content/public/test/android/javatests/src/org/chromium/content/browser/test/NestedSystemMessageHandler.java,1,1,0,0,0,0,1,0,3,0,1,0,0,2,1,2,2,0,0,0,2,2,0
./content/public/test/android/javatests/src/org/chromium/content/browser/test/util/HistoryUtils.java,1,1,0,0,1,0,0,0,16,0,16,0,0,0,8,8,1,0,1,0,0,1,0
./content/public/test/android/javatests/src/org/chromium/content/browser/test/util/Criteria.java,1,0,1,0,1,0,0,0,1,0,1,0,0,0,0,1,0,0,0,0,0,0,0
./content/public/test/android/javatests/src/org/chromium/content/browser/test/util/TestContentViewClient.java,1,1,0,0,1,0,0,0,3,0,3,0,0,0,0,3,2,0,0,0,2,0,2
./content/public/test/android/javatests/src/org/chromium/content/browser/test/util/TestInputMethodManagerWrapper.java,1,1,0,0,1,0,0,0,7,0,7,0,0,0,0,7,4,0,0,0,4,0,4
./content/public/test/android/javatests/src/org/chromium/content/browser/test/util/TestTouchUtils.java,1,1,0,0,1,0,0,0,14,0,13,0,0,1,13,1,0,0,0,0,0,0,0
./content/public/test/android/javatests/src/org/chromium/content/browser/test/util/TestWebContentsObserver.java,1,1,0,0,1,0,0,0,6,0,6,0,0,0,0,6,3,0,0,0,3,0,3
./content/public/test/android/javatests/src/org/chromium/content/browser/test/util/CallbackHelper.java,1,1,0,0,1,0,0,0,7,0,7,0,0,0,0,7,3,0,1,0,2,1,2
./content/public/test/android/javatests/src/org/chromium/content/browser/test/util/UiUtils.java,1,1,0,0,1,0,0,0,3,0,3,0,0,0,2,1,1,0,0,0,1,1,0
./content/public/test/android/javatests/src/org/chromium/content/browser/test/util/TestContentViewClientWrapper.java,1,1,0,0,1,0,0,0,10,0,10,0,0,0,0,10,1,0,0,0,1,0,1
./content/public/test/android/javatests/src/org/chromium/content/browser/test/util/DOMUtils.java,1,1,0,0,1,0,0,0,7,0,6,0,0,1,7,0,0,0,0,0,0,0,0
./content/public/test/android/javatests/src/org/chromium/content/browser/test/util/KeyUtils.java,1,1,0,0,1,0,0,0,5,0,5,0,0,0,5,0,0,0,0,0,0,0,0
./content/public/test/android/javatests/src/org/chromium/content/browser/test/util/TestCallbackHelperContainer.java,6,6,0,0,6,0,0,0,24,0,24,0,0,0,0,24,9,0,0,0,9,0,9
./content/public/test/android/javatests/src/org/chromium/content/browser/test/util/TouchCommon.java,1,1,0,0,1,0,0,0,13,0,10,0,0,3,1,12,1,0,0,0,1,0,1
./content/public/test/android/javatests/src/org/chromium/content/browser/test/util/CriteriaHelper.java,1,1,0,0,1,0,0,0,3,0,3,0,0,0,3,0,2,2,0,0,0,2,0
./content/public/test/android/javatests/src/org/chromium/content/browser/test/util/JavaScriptUtils.java,1,1,0,0,1,0,0,0,6,0,6,0,0,0,4,2,1,0,0,0,1,1,0
./content/public/android/javatests/src/org/chromium/content/common/CleanupReferenceTest.java,3,3,0,0,1,0,0,2,7,2,6,0,0,1,0,7,2,0,0,0,2,1,1
./content/public/android/javatests/src/org/chromium/content/browser/JavaBridgeChildFrameTest.java,2,2,0,0,1,0,0,1,4,1,3,1,0,0,0,4,2,0,0,1,1,0,2
./content/public/android/javatests/src/org/chromium/content/browser/ContentViewGestureHandlerTest.java,7,7,0,0,1,0,6,0,49,20,46,0,0,3,3,46,23,2,0,5,16,3,20
./content/public/android/javatests/src/org/chromium/content/browser/EncodeHtmlDataUriTest.java,1,1,0,0,1,0,0,0,6,4,4,0,0,2,0,6,1,0,0,0,1,1,0
./content/public/android/javatests/src/org/chromium/content/browser/JavaBridgeBasicsTest.java,18,17,0,0,1,0,15,2,94,35,84,5,0,5,1,93,11,2,0,1,8,0,11
./content/public/android/javatests/src/org/chromium/content/browser/VSyncMonitorTest.java,2,2,0,0,1,0,0,1,8,2,6,0,0,2,0,8,5,2,0,0,3,0,5
./content/public/android/javatests/src/org/chromium/content/browser/PopupZoomerTest.java,2,2,0,0,1,0,0,1,13,6,10,1,0,2,0,13,3,0,0,2,1,0,3
./content/public/android/javatests/src/org/chromium/content/browser/ImportantFileWriterAndroidTest.java,1,1,0,0,1,0,0,0,5,1,3,0,1,1,0,5,0,0,0,0,0,0,0
./content/public/android/javatests/src/org/chromium/content/browser/CommandLineTest.java,1,1,0,0,1,0,0,0,14,7,9,0,5,0,0,14,5,0,0,5,0,5,0
./content/public/android/javatests/src/org/chromium/content/browser/NavigationTest.java,1,1,0,0,1,0,0,0,6,2,4,0,0,2,0,6,7,0,0,0,7,7,0
./content/public/android/javatests/src/org/chromium/content/browser/TestsJavaScriptEvalTest.java,1,1,0,0,1,0,0,0,1,1,1,0,0,0,0,1,2,0,0,0,2,2,0
./content/public/android/javatests/src/org/chromium/content/browser/EmailAddressDetectionTest.java,1,1,0,0,1,0,0,0,2,1,1,0,0,1,0,2,1,0,0,0,1,1,0
./content/public/android/javatests/src/org/chromium/content/browser/ViewportTest.java,1,1,0,0,1,0,0,0,5,1,1,4,0,0,0,5,1,0,0,0,1,0,1
./content/public/android/javatests/src/org/chromium/content/browser/JavaBridgeTestBase.java,2,2,0,0,1,1,0,0,4,0,1,3,0,0,0,4,1,0,0,0,1,0,1
./content/public/android/javatests/src/org/chromium/content/browser/ContentViewPopupZoomerTest.java,3,3,0,0,1,0,0,2,5,1,3,0,0,2,1,4,4,0,0,0,4,1,3
./content/public/android/javatests/src/org/chromium/content/browser/JavaBridgeArrayCoercionTest.java,3,3,0,0,1,0,0,2,35,10,34,1,0,0,0,35,14,0,0,0,14,0,14
./content/public/android/javatests/src/org/chromium/content/browser/DeviceMotionAndOrientationTest.java,3,3,0,0,1,0,0,2,22,11,14,4,1,3,1,21,8,0,0,0,8,0,8
./content/public/android/javatests/src/org/chromium/content/browser/GestureDetectorResetTest.java,2,2,0,0,1,0,0,1,5,1,4,0,0,1,0,5,6,0,0,0,6,2,4
./content/public/android/javatests/src/org/chromium/content/browser/ContentDetectionTestBase.java,1,1,0,0,1,0,0,0,7,0,1,6,0,0,0,7,2,0,0,0,2,1,1
./content/public/android/javatests/src/org/chromium/content/browser/PhoneNumberDetectionTest.java,1,1,0,0,1,0,0,0,6,4,4,0,0,2,0,6,1,0,0,0,1,1,0
./content/public/android/javatests/src/org/chromium/content/browser/LongPressDetectorTest.java,1,1,0,0,1,0,0,0,11,6,9,0,0,2,0,11,3,0,0,0,3,2,1
./content/public/android/javatests/src/org/chromium/content/browser/JavaBridgeArrayTest.java,2,2,0,0,1,0,0,1,27,14,26,1,0,0,0,27,7,0,0,0,7,0,7
./content/public/android/javatests/src/org/chromium/content/browser/AddressDetectionTest.java,1,1,0,0,1,0,0,0,6,5,5,0,0,1,0,6,1,0,0,0,1,1,0
./content/public/android/javatests/src/org/chromium/content/browser/InterstitialPageTest.java,1,1,0,0,1,0,0,0,8,1,4,2,0,2,0,8,1,0,0,0,1,1,0
./content/public/android/javatests/src/org/chromium/content/browser/ClickListenerTest.java,1,1,0,0,1,0,0,0,3,3,3,0,0,0,0,3,0,0,0,0,0,0,0
./content/public/android/javatests/src/org/chromium/content/browser/JavaBridgeCoercionTest.java,4,4,0,0,1,0,0,3,36,10,35,1,0,0,0,36,15,0,0,0,15,0,15
./content/public/android/javatests/src/org/chromium/content/browser/ContentViewTestBase.java,1,1,0,0,1,0,0,0,3,0,1,2,0,0,0,3,1,0,1,0,0,0,1
./content/public/android/javatests/src/org/chromium/content/browser/JavaBridgeReturnValuesTest.java,3,3,0,0,1,0,0,2,26,2,23,2,0,1,0,26,3,0,0,1,2,0,3
./content/public/android/javatests/src/org/chromium/content/browser/ContentViewScrollingTest.java,1,1,0,0,1,0,0,0,11,2,6,1,0,4,0,11,1,0,0,0,1,1,0
./content/public/android/javatests/src/org/chromium/content/browser/JavaBridgeFieldsTest.java,3,3,0,0,1,0,0,2,5,1,3,2,0,0,0,5,13,11,0,1,1,0,13
./content/public/android/javatests/src/org/chromium/content/browser/LocationProviderTest.java,1,1,0,0,1,0,0,0,6,5,6,0,0,0,0,6,1,0,0,0,1,0,1
./content/public/android/javatests/src/org/chromium/content/browser/input/ImeTest.java,4,4,0,0,1,0,0,3,33,10,23,1,0,9,0,33,13,0,0,0,13,1,12
./content/public/android/javatests/src/org/chromium/content/browser/input/InsertionHandleTest.java,1,1,0,0,1,0,0,0,33,5,14,1,0,18,1,32,10,0,0,2,8,8,2
./content/public/android/javatests/src/org/chromium/content/browser/input/SelectPopupTest.java,3,3,0,0,1,0,0,2,4,1,4,0,0,0,0,4,2,0,0,0,2,2,0
./content/public/android/java/src/org/chromium/content/common/CommandLine.java,3,3,0,0,1,0,0,2,36,0,26,0,0,10,16,20,22,14,0,0,8,19,3
./content/public/android/java/src/org/chromium/content/common/DeviceTelephonyInfo.java,1,1,0,0,1,0,0,0,2,0,2,0,0,0,1,1,1,0,0,0,1,0,1
./content/public/android/java/src/org/chromium/content/common/TraceEvent.java,3,3,0,0,1,0,0,2,34,0,21,0,0,13,28,6,17,0,0,0,17,11,6
./content/public/android/java/src/org/chromium/content/common/PerfTraceEvent.java,2,1,0,1,1,0,0,1,18,0,14,0,0,4,17,1,10,0,0,0,10,9,1
./content/public/android/java/src/org/chromium/content/common/CleanupReference.java,1,1,0,0,1,0,0,0,5,0,3,0,0,2,0,5,10,0,0,0,10,9,1
./content/public/android/java/src/org/chromium/content/common/ProcessInitException.java,1,1,0,0,1,0,0,0,1,0,1,0,0,0,0,1,1,0,0,0,1,0,1
./content/public/android/java/src/org/chromium/content/browser/MediaResourceGetter.java,2,2,0,0,0,0,1,1,5,0,0,0,0,5,1,4,5,0,0,0,5,1,4
./content/public/android/java/src/org/chromium/content/browser/ContentViewGestureHandler.java,3,2,1,0,1,0,1,1,57,0,19,0,25,13,0,57,68,0,0,29,39,35,33
./content/public/android/java/src/org/chromium/content/browser/DeviceMotionAndOrientation.java,3,2,1,0,0,0,3,0,27,0,9,4,3,11,1,26,19,0,0,7,12,7,12
./content/public/android/java/src/org/chromium/content/browser/ContentSettings.java,1,1,0,0,1,0,0,0,4,0,1,0,0,3,0,4,3,0,0,0,3,1,2
./content/public/android/java/src/org/chromium/content/browser/ContentVideoViewClient.java,1,0,1,0,1,0,0,0,4,0,4,0,0,0,0,4,0,0,0,0,0,0,0
./content/public/android/java/src/org/chromium/content/browser/SnapScrollController.java,1,1,0,0,0,0,1,0,7,0,0,0,6,1,0,7,12,0,0,0,12,5,7
./content/public/android/java/src/org/chromium/content/browser/ResourceExtractor.java,2,2,0,0,1,0,0,1,10,0,8,1,0,1,5,5,10,0,0,0,10,7,3
./content/public/android/java/src/org/chromium/content/browser/DownloadController.java,2,1,1,0,2,0,0,0,9,0,6,0,1,2,3,6,3,0,0,0,3,3,0
./content/public/android/java/src/org/chromium/content/browser/InterstitialPageDelegateAndroid.java,1,1,0,0,1,0,0,0,10,0,1,5,0,4,0,10,1,0,0,0,1,0,1
./content/public/android/java/src/org/chromium/content/browser/LocationProvider.java,2,2,0,0,0,0,1,1,23,0,13,0,1,9,3,20,7,0,0,0,7,1,6
./content/public/android/java/src/org/chromium/content/browser/ActivityContentVideoViewClient.java,1,1,0,0,1,0,0,0,4,0,4,0,0,0,0,4,2,0,0,0,2,0,2
./content/public/android/java/src/org/chromium/content/browser/NavigationHistory.java,1,1,0,0,1,0,0,0,5,0,3,1,1,0,0,5,2,0,0,0,2,0,2
./content/public/android/java/src/org/chromium/content/browser/SpeechRecognition.java,2,2,0,0,0,0,2,0,22,0,9,0,0,13,1,21,10,0,0,0,10,3,7
./content/public/android/java/src/org/chromium/content/browser/LongPressDetector.java,3,2,1,0,0,0,2,1,13,0,2,0,9,2,0,13,11,0,0,0,11,3,8
./content/public/android/java/src/org/chromium/content/browser/ContentViewStatics.java,1,1,0,0,1,0,0,0,6,0,4,0,0,2,6,0,0,0,0,0,0,0,0
./content/public/android/java/src/org/chromium/content/browser/SmoothScroller.java,1,1,0,0,1,0,0,0,10,0,3,0,2,5,0,10,14,0,0,0,14,0,14
./content/public/android/java/src/org/chromium/content/browser/SelectActionModeCallback.java,2,1,1,0,2,0,0,0,16,0,4,1,7,4,0,16,15,0,0,0,15,11,4
./content/public/android/java/src/org/chromium/content/browser/NavigationEntry.java,1,1,0,0,1,0,0,0,7,0,7,0,0,0,0,7,6,0,0,0,6,0,6
./content/public/android/java/src/org/chromium/content/browser/PopupZoomer.java,4,2,2,0,2,0,1,1,30,0,16,2,0,12,4,26,28,0,0,0,28,6,22
./content/public/android/java/src/org/chromium/content/browser/JellyBeanContentView.java,1,1,0,0,0,0,1,0,2,0,2,0,0,0,0,2,0,0,0,0,0,0,0
./content/public/android/java/src/org/chromium/content/browser/VSyncManager.java,3,1,2,0,3,0,0,0,4,0,0,0,4,0,0,4,0,0,0,0,0,0,0
./content/public/android/java/src/org/chromium/content/browser/DeviceUtils.java,1,1,0,0,1,0,0,0,3,0,3,0,0,0,3,0,1,0,0,0,1,1,0
./content/public/android/java/src/org/chromium/content/browser/ContentView.java,1,1,0,0,1,0,0,0,100,0,82,12,5,1,4,96,3,0,0,0,3,0,3
./content/public/android/java/src/org/chromium/content/browser/TouchPoint.java,1,1,0,0,0,0,1,0,9,0,7,0,1,1,3,6,17,1,0,4,12,11,6
./content/public/android/java/src/org/chromium/content/browser/LoadUrlParams.java,1,1,0,0,1,0,0,0,20,0,17,0,1,2,7,13,15,6,0,8,1,6,9
./content/public/android/java/src/org/chromium/content/browser/VSyncMonitor.java,2,1,1,0,2,0,0,0,13,0,9,0,0,4,0,13,16,0,0,0,16,5,11
./content/public/android/java/src/org/chromium/content/browser/ChildProcessLauncher.java,2,2,0,0,1,0,0,1,24,0,10,0,5,9,17,7,21,0,0,3,18,16,5
./content/public/android/java/src/org/chromium/content/browser/WebContentsObserverAndroid.java,1,1,0,0,1,0,0,0,12,0,10,0,0,2,0,12,1,0,0,0,1,0,1
./content/public/android/java/src/org/chromium/content/browser/PageInfo.java,1,0,1,0,1,0,0,0,7,0,0,0,7,0,0,7,0,0,0,0,0,0,0
./content/public/android/java/src/org/chromium/content/browser/ContentViewRenderView.java,2,2,0,0,1,0,0,1,18,0,9,2,1,6,1,17,9,0,0,0,9,1,8
./content/public/android/java/src/org/chromium/content/browser/HeapStatsLogger.java,3,3,0,0,1,0,0,2,3,0,2,0,0,1,1,2,5,0,0,0,5,3,2
./content/public/android/java/src/org/chromium/content/browser/NavigationClient.java,1,0,1,0,1,0,0,0,2,0,2,0,0,0,0,2,0,0,0,0,0,0,0
./content/public/android/java/src/org/chromium/content/browser/TracingIntentHandler.java,1,1,0,0,1,0,0,0,4,0,2,0,0,2,4,0,0,0,0,0,0,0,0
./content/public/android/java/src/org/chromium/content/browser/ZoomManager.java,2,2,0,0,0,0,1,1,11,0,3,0,7,1,0,11,7,0,0,0,7,1,6
./content/public/android/java/src/org/chromium/content/browser/ContentViewCore.java,5,1,4,0,5,0,0,0,320,0,173,0,23,124,4,316,64,2,0,0,62,8,56
./content/public/android/java/src/org/chromium/content/browser/ContentViewClient.java,1,1,0,0,1,0,0,0,16,0,16,0,0,0,0,16,1,0,0,0,1,1,0
./content/public/android/java/src/org/chromium/content/browser/JavascriptInterface.java,1,0,0,0,1,0,0,0,0,0,0,0,0,0,0,0,0,0,0,0,0,0,0
./content/public/android/java/src/org/chromium/content/browser/FileDescriptorInfo.java,1,1,0,0,0,0,1,0,0,0,0,0,0,0,0,0,3,3,0,0,0,0,3
./content/public/android/java/src/org/chromium/content/browser/PepperPluginManager.java,1,1,0,0,1,0,0,0,2,0,1,0,0,1,2,0,8,2,0,0,6,8,0
./content/public/android/java/src/org/chromium/content/browser/ContentVideoView.java,4,4,0,0,1,0,0,3,56,0,28,1,0,27,4,52,39,1,0,1,37,15,24
./content/public/android/java/src/org/chromium/content/browser/ContentViewDownloadDelegate.java,1,0,1,0,1,0,0,0,3,0,0,0,3,0,0,3,0,0,0,0,0,0,0
./content/public/android/java/src/org/chromium/content/browser/ChildProcessConnection.java,4,3,1,0,1,0,1,2,18,0,3,0,12,3,0,18,27,6,0,4,17,7,20
./content/public/android/java/src/org/chromium/content/browser/AndroidBrowserProcess.java,1,1,0,0,1,0,0,0,6,0,2,0,0,4,6,0,4,2,0,0,2,4,0
./content/public/android/java/src/org/chromium/content/browser/RenderCoordinates.java,2,2,0,0,2,0,0,0,46,0,42,0,4,0,0,46,12,0,0,0,12,0,12
./content/public/android/java/src/org/chromium/content/browser/accessibility/AccessibilityInjector.java,3,3,0,0,1,0,0,2,25,0,19,3,0,3,1,24,23,0,3,0,20,11,12
./content/public/android/java/src/org/chromium/content/browser/accessibility/JellyBeanBrowserAccessibilityManager.java,1,1,0,0,1,0,0,0,4,0,4,0,0,0,0,4,1,0,0,0,1,0,1
./content/public/android/java/src/org/chromium/content/browser/accessibility/JellyBeanAccessibilityInjector.java,2,2,0,0,0,0,1,1,11,0,4,2,0,5,0,11,11,0,0,0,11,4,7
./content/public/android/java/src/org/chromium/content/browser/accessibility/BrowserAccessibilityManager.java,1,1,0,0,1,0,0,0,36,0,3,3,0,30,1,35,12,0,0,0,12,1,11
./content/public/android/java/src/org/chromium/content/browser/input/MonthPicker.java,1,1,0,0,1,0,0,0,9,0,2,7,0,0,0,9,2,0,0,0,2,1,1
./content/public/android/java/src/org/chromium/content/browser/input/InputMethodManagerWrapper.java,1,1,0,0,1,0,0,0,6,0,5,0,0,1,0,6,1,0,0,0,1,0,1
./content/public/android/java/src/org/chromium/content/browser/input/WeekPicker.java,1,1,0,0,1,0,0,0,13,0,5,6,0,2,2,11,0,0,0,0,0,0,0
./content/public/android/java/src/org/chromium/content/browser/input/TwoFieldDatePickerDialog.java,2,1,1,0,2,0,0,0,7,0,3,3,1,0,0,7,4,0,2,0,2,2,2
./content/public/android/java/src/org/chromium/content/browser/input/ImeAdapter.java,4,3,1,0,3,0,0,1,64,0,15,2,22,25,5,59,32,0,0,20,12,21,11
./content/public/android/java/src/org/chromium/content/browser/input/SelectionHandleController.java,1,1,0,0,1,0,0,0,20,0,15,1,2,2,0,20,9,0,0,0,9,3,6
./content/public/android/java/src/org/chromium/content/browser/input/CursorController.java,1,0,1,0,0,0,1,0,5,0,0,0,5,0,0,5,0,0,0,0,0,0,0
./content/public/android/java/src/org/chromium/content/browser/input/DateDialogNormalizer.java,1,1,0,0,0,0,1,0,3,0,0,0,1,2,3,0,1,0,0,0,1,1,0
./content/public/android/java/src/org/chromium/content/browser/input/HandleView.java,1,1,0,0,1,0,0,0,21,0,1,2,15,3,0,21,35,0,0,3,32,6,29
./content/public/android/java/src/org/chromium/content/browser/input/WeekPickerDialog.java,1,1,0,0,1,0,0,0,3,0,1,2,0,0,0,3,0,0,0,0,0,0,0
./content/public/android/java/src/org/chromium/content/browser/input/MonthPickerDialog.java,1,1,0,0,1,0,0,0,3,0,1,2,0,0,0,3,0,0,0,0,0,0,0
./content/public/android/java/src/org/chromium/content/browser/input/InsertionHandleController.java,2,2,0,0,1,0,1,0,31,0,16,3,8,4,0,31,10,0,0,0,10,0,10
./content/public/android/java/src/org/chromium/content/browser/input/InputDialogContainer.java,6,5,1,0,1,0,1,4,15,0,6,0,7,2,2,13,27,0,0,0,27,18,9
./content/public/android/java/src/org/chromium/content/browser/input/AdapterInputConnection.java,1,1,0,0,1,0,0,0,19,0,14,2,2,1,0,19,13,2,0,0,11,4,9
./content/public/android/java/src/org/chromium/content/browser/input/SelectPopupDialog.java,2,2,0,0,1,0,0,1,12,0,11,0,0,1,3,9,8,0,0,3,5,4,4
./content/public/android/java/src/org/chromium/content/browser/input/TimeDialog.java,1,1,0,0,1,0,0,0,4,0,3,0,0,1,2,2,5,0,0,0,5,0,5
./content/public/android/java/src/org/chromium/content/browser/input/TwoFieldDatePicker.java,2,1,1,0,2,0,0,0,23,0,8,14,1,0,0,23,6,0,0,0,6,0,6
./content/public/android/java/src/org/chromium/content/browser/input/DateTimeChooserAndroid.java,1,1,0,0,0,0,1,0,7,0,2,0,0,5,2,5,2,0,0,0,2,0,2
./content/public/android/java/src/org/chromium/content/browser/input/DateTimePickerDialog.java,2,1,1,0,1,0,1,0,7,0,4,1,1,1,0,7,11,0,0,0,11,6,5
./content/public/android/java/src/org/chromium/content/app/SandboxedProcessService.java,1,1,0,0,1,0,0,0,0,0,0,0,0,0,0,0,0,0,0,0,0,0,0
./content/public/android/java/src/org/chromium/content/app/ContentMain.java,1,1,0,0,1,0,0,0,4,0,2,0,0,2,4,0,0,0,0,0,0,0,0
./content/public/android/java/src/org/chromium/content/app/SandboxedProcessService5.java,1,1,0,0,1,0,0,0,0,0,0,0,0,0,0,0,0,0,0,0,0,0,0
./content/public/android/java/src/org/chromium/content/app/SandboxedProcessService1.java,1,1,0,0,1,0,0,0,0,0,0,0,0,0,0,0,0,0,0,0,0,0,0
./content/public/android/java/src/org/chromium/content/app/PrivilegedProcessService0.java,1,1,0,0,1,0,0,0,0,0,0,0,0,0,0,0,0,0,0,0,0,0,0
./content/public/android/java/src/org/chromium/content/app/SandboxedProcessService9.java,1,1,0,0,1,0,0,0,0,0,0,0,0,0,0,0,0,0,0,0,0,0,0
./content/public/android/java/src/org/chromium/content/app/PrivilegedProcessService1.java,1,1,0,0,1,0,0,0,0,0,0,0,0,0,0,0,0,0,0,0,0,0,0
./content/public/android/java/src/org/chromium/content/app/ChildProcessService.java,1,1,0,0,1,0,0,0,11,0,5,0,1,5,3,8,12,0,0,0,12,3,9
./content/public/android/java/src/org/chromium/content/app/SandboxedProcessService8.java,1,1,0,0,1,0,0,0,0,0,0,0,0,0,0,0,0,0,0,0,0,0,0
./content/public/android/java/src/org/chromium/content/app/PrivilegedProcessService.java,1,1,0,0,1,0,0,0,0,0,0,0,0,0,0,0,0,0,0,0,0,0,0
./content/public/android/java/src/org/chromium/content/app/SandboxedProcessService7.java,1,1,0,0,1,0,0,0,0,0,0,0,0,0,0,0,0,0,0,0,0,0,0
./content/public/android/java/src/org/chromium/content/app/PrivilegedProcessService2.java,1,1,0,0,1,0,0,0,0,0,0,0,0,0,0,0,0,0,0,0,0,0,0
./content/public/android/java/src/org/chromium/content/app/SandboxedProcessService2.java,1,1,0,0,1,0,0,0,0,0,0,0,0,0,0,0,0,0,0,0,0,0,0
./content/public/android/java/src/org/chromium/content/app/SandboxedProcessService3.java,1,1,0,0,1,0,0,0,0,0,0,0,0,0,0,0,0,0,0,0,0,0,0
./content/public/android/java/src/org/chromium/content/app/LibraryLoader.java,1,1,0,0,1,0,0,0,7,0,3,0,1,3,7,0,4,0,0,0,4,4,0
./content/public/android/java/src/org/chromium/content/app/SandboxedProcessService10.java,1,1,0,0,1,0,0,0,0,0,0,0,0,0,0,0,0,0,0,0,0,0,0
./content/public/android/java/src/org/chromium/content/app/SandboxedProcessService12.java,1,1,0,0,1,0,0,0,0,0,0,0,0,0,0,0,0,0,0,0,0,0,0
./content/public/android/java/src/org/chromium/content/app/SandboxedProcessService0.java,1,1,0,0,1,0,0,0,0,0,0,0,0,0,0,0,0,0,0,0,0,0,0
./content/public/android/java/src/org/chromium/content/app/SandboxedProcessService11.java,1,1,0,0,1,0,0,0,0,0,0,0,0,0,0,0,0,0,0,0,0,0,0
./content/public/android/java/src/org/chromium/content/app/SandboxedProcessService6.java,1,1,0,0,1,0,0,0,0,0,0,0,0,0,0,0,0,0,0,0,0,0,0
./content/public/android/java/src/org/chromium/content/app/SandboxedProcessService4.java,1,1,0,0,1,0,0,0,0,0,0,0,0,0,0,0,0,0,0,0,0,0,0
./content/public/android/java/resource_map/org/chromium/content/R.java,6,6,0,0,6,0,0,0,0,0,0,0,0,0,0,0,30,30,0,0,0,30,0
./content/test/data/plugin/java_applet.java,1,1,0,0,1,0,0,0,2,0,2,0,0,0,0,2,0,0,0,0,0,0,0
./content/test/data/plugin/applet-tests/cookies/CookieTest.java,1,1,0,0,1,0,0,0,6,0,2,0,0,4,0,6,0,0,0,0,0,0,0
./content/test/data/plugin/applet-tests/authenticator/AuthenticatorTest.java,1,1,0,0,1,0,0,0,7,0,3,0,0,4,0,7,0,0,0,0,0,0,0
./content/shell/android/javatests/src/org/chromium/content_shell_apk/ContentShellUrlTest.java,1,1,0,0,1,0,0,0,1,1,1,0,0,0,0,1,1,0,0,0,1,1,0
./content/shell/android/javatests/src/org/chromium/content_shell_apk/ContentShellPreconditionsTest.java,1,1,0,0,1,0,0,0,1,1,1,0,0,0,0,1,0,0,0,0,0,0,0
./content/shell/android/javatests/src/org/chromium/content_shell_apk/ContentShellTestBase.java,1,1,0,0,1,0,0,0,12,0,3,9,0,0,0,12,2,0,1,0,1,2,0
./content/shell/android/browsertests_apk/src/org/chromium/content_browsertests_apk/ContentBrowserTestsActivity.java,1,1,0,0,1,0,0,0,3,0,1,0,0,2,0,3,3,0,0,0,3,1,2
./content/shell/android/browsertests_apk/src/org/chromium/content_browsertests_apk/ContentBrowserTestsApplication.java,1,1,0,0,1,0,0,0,2,0,2,0,0,0,1,1,2,0,0,0,2,2,0
./content/shell/android/shell_apk/src/org/chromium/content_shell_apk/ContentShellActivity.java,1,1,0,0,1,0,0,0,15,0,7,5,0,3,2,13,11,2,0,0,9,8,3
./content/shell/android/shell_apk/src/org/chromium/content_shell_apk/ContentShellApplication.java,1,1,0,0,1,0,0,0,2,0,2,0,0,0,1,1,2,0,0,0,2,2,0
./content/shell/android/java/src/org/chromium/content_shell/Shell.java,1,1,0,0,1,0,0,0,21,0,11,1,0,9,1,20,10,0,0,0,10,1,9
./content/shell/android/java/src/org/chromium/content_shell/ShellLayoutTestUtils.java,1,1,0,0,0,0,1,0,1,0,0,0,0,1,1,0,0,0,0,0,0,0,0
./content/shell/android/java/src/org/chromium/content_shell/ShellManager.java,1,1,0,0,1,0,0,0,10,0,5,1,0,4,2,8,6,1,0,0,5,2,4
./components/autofill/core/browser/android/java/src/org/chromium/components/browser/autofill/PersonalAutofillPopulator.java,6,6,0,0,1,0,0,5,31,0,10,0,1,20,1,30,28,0,0,1,27,13,15
./components/web_contents_delegate_android/android/java/src/org/chromium/components/web_contents_delegate_android/ColorChooserAndroid.java,1,1,0,0,1,0,0,0,5,0,3,0,0,2,1,4,2,0,0,0,2,0,2
./components/web_contents_delegate_android/android/java/src/org/chromium/components/web_contents_delegate_android/WebContentsDelegateAndroid.java,1,1,0,0,1,0,0,0,20,0,19,0,0,1,0,20,10,9,0,0,1,9,1
./components/navigation_interception/android/java/src/org/chromium/components/navigation_interception/InterceptNavigationDelegate.java,1,0,1,0,1,0,0,0,1,0,0,0,1,0,0,1,0,0,0,0,0,0,0
./components/navigation_interception/android/java/src/org/chromium/components/navigation_interception/NavigationParams.java,1,1,0,0,1,0,0,0,1,0,1,0,0,0,1,0,5,5,0,0,0,0,5
./tools/android/findbugs_plugin/src/org/chromium/tools/findbugs/plugin/SynchronizedMethodDetector.java,1,1,0,0,1,0,0,0,2,0,2,0,0,0,0,2,1,0,0,0,1,0,1
./tools/android/findbugs_plugin/src/org/chromium/tools/findbugs/plugin/SynchronizedThisDetector.java,1,1,0,0,1,0,0,0,2,0,2,0,0,0,0,2,3,0,0,0,3,0,3
./tools/android/findbugs_plugin/test/java/src/org/chromium/tools/findbugs/plugin/SimpleSynchronizedMethod.java,1,1,0,0,0,0,1,0,1,0,0,0,1,0,0,1,1,0,0,0,1,0,1
./tools/android/findbugs_plugin/test/java/src/org/chromium/tools/findbugs/plugin/SimpleSynchronizedStaticMethod.java,1,1,0,0,0,0,1,0,1,0,0,0,1,0,1,0,1,0,0,0,1,1,0
./tools/android/findbugs_plugin/test/java/src/org/chromium/tools/findbugs/plugin/SimpleSynchronizedThis.java,1,1,0,0,0,0,1,0,1,0,0,0,1,0,0,1,1,0,0,0,1,0,1
./sync/test/android/javatests/src/org/chromium/sync/test/util/MockSyncContentResolverDelegate.java,2,2,0,0,1,0,0,1,14,0,9,2,0,3,1,13,5,0,0,0,5,0,5
./sync/test/android/javatests/src/org/chromium/sync/test/util/AccountHolder.java,2,2,0,0,2,0,0,0,23,0,22,0,0,1,1,22,10,0,0,0,10,0,10
./sync/test/android/javatests/src/org/chromium/sync/test/util/MockGrantCredentialsPermissionActivity.java,1,1,0,0,1,0,0,0,3,0,1,2,0,0,0,3,3,0,0,2,1,3,0
./sync/test/android/javatests/src/org/chromium/sync/test/util/MockAccountManager.java,5,5,0,0,1,0,0,4,49,0,32,3,0,14,3,46,19,0,4,1,14,3,16
./sync/android/javatests/src/org/chromium/sync/notifier/InvalidationPreferencesTest.java,1,1,0,0,1,0,0,0,5,4,4,1,0,0,0,5,1,0,0,0,1,0,1
./sync/android/javatests/src/org/chromium/sync/notifier/InvalidationControllerTest.java,2,2,0,0,1,0,0,1,22,12,17,1,2,2,1,21,3,0,0,0,3,0,3
./sync/android/javatests/src/org/chromium/sync/notifier/TestableInvalidationService.java,1,1,0,0,1,0,0,0,8,0,5,0,3,0,0,8,7,0,0,5,2,0,7
./sync/android/javatests/src/org/chromium/sync/notifier/InvalidationServiceTest.java,1,1,0,0,1,0,0,0,25,18,21,0,0,4,0,25,2,0,0,0,2,1,1
./sync/android/javatests/src/org/chromium/sync/notifier/signin/SyncStatusHelperTest.java,2,2,0,0,1,0,0,1,15,5,14,1,0,0,0,15,8,0,0,0,8,0,8
./sync/android/java/src/org/chromium/sync/notifier/InvalidationController.java,2,2,0,0,2,0,0,0,10,0,10,0,0,0,4,6,7,4,0,0,3,6,1
./sync/android/java/src/org/chromium/sync/notifier/SystemSyncContentResolverDelegate.java,1,1,0,0,1,0,0,0,8,0,8,0,0,0,0,8,0,0,0,0,0,0,0
./sync/android/java/src/org/chromium/sync/notifier/InvalidationService.java,1,1,0,0,1,0,0,0,31,0,13,0,8,10,6,25,5,0,0,1,4,5,0
./sync/android/java/src/org/chromium/sync/notifier/SyncContentResolverDelegate.java,1,0,1,0,1,0,0,0,8,0,0,0,8,0,0,8,0,0,0,0,0,0,0
./sync/android/java/src/org/chromium/sync/notifier/SyncStatusHelper.java,4,3,1,0,2,0,0,2,20,0,16,0,0,4,3,17,13,2,0,0,11,4,9
./sync/android/java/src/org/chromium/sync/notifier/InvalidationPreferences.java,3,3,0,0,3,0,0,0,8,0,8,0,0,0,0,8,7,2,0,2,3,5,2
./sync/android/java/src/org/chromium/sync/signin/SystemAccountManagerDelegate.java,1,1,0,0,1,0,0,0,14,0,14,0,0,0,0,14,1,0,0,0,1,0,1
./sync/android/java/src/org/chromium/sync/signin/AccountManagerHelper.java,3,2,1,0,2,0,0,1,19,0,16,0,1,2,3,16,12,1,0,0,11,5,7
./sync/android/java/src/org/chromium/sync/signin/ChromeSigninController.java,2,1,1,0,2,0,0,0,9,0,8,0,1,0,1,8,6,2,0,0,4,4,2
./sync/android/java/src/org/chromium/sync/signin/AccountManagerDelegate.java,1,0,1,0,1,0,0,0,14,0,0,0,14,0,0,14,0,0,0,0,0,0,0
./sync/android/java/src/org/chromium/sync/internal_api/pub/SyncDecryptionPassphraseType.java,1,0,0,1,1,0,0,0,6,0,6,0,0,0,1,5,2,1,0,0,1,1,1
./sync/android/java/src/org/chromium/sync/internal_api/pub/base/ModelType.java,1,0,0,1,1,0,0,0,5,0,5,0,0,0,4,1,3,1,0,0,2,2,1
./chrome/common/extensions/docs/examples/apps/hello-java/HelloLicenseServlet.java,1,1,0,0,1,0,0,0,1,0,1,0,0,0,0,1,6,4,0,0,2,6,0
./chrome/common/extensions/docs/examples/extensions/irc/servlet/src/org/chromium/IRCProxyWebSocket.java,2,2,0,0,1,0,1,0,7,0,5,2,0,0,0,7,8,0,0,6,2,1,7
./chrome/android/javatests/src/org/chromium/chrome/browser/NavigationPopupTest.java,4,4,0,0,1,0,0,3,12,2,11,1,0,0,0,12,4,0,0,0,4,1,3
./chrome/android/javatests/src/org/chromium/chrome/browser/test/ModalDialogTest.java,2,2,0,0,1,0,0,1,26,8,17,0,0,9,0,26,4,0,0,0,4,3,1
./chrome/android/javatests/src/org/chromium/chrome/browser/test/ProviderSearchesUriTest.java,1,1,0,0,1,0,0,0,7,4,4,2,0,1,0,7,1,0,0,0,1,0,1
./chrome/android/javatests/src/org/chromium/chrome/browser/test/ProviderBookmarkNodeTest.java,1,1,0,0,1,0,0,0,13,4,4,1,0,8,4,9,3,0,0,2,1,1,2
./chrome/android/javatests/src/org/chromium/chrome/browser/test/ProviderBookmarksUriTest.java,1,1,0,0,1,0,0,0,8,5,5,2,0,1,0,8,3,0,0,0,3,2,1
./chrome/android/javatests/src/org/chromium/chrome/browser/test/ProviderTestBase.java,1,1,0,0,1,0,0,0,2,0,0,2,0,0,0,2,1,0,0,0,1,0,1
./chrome/android/javatests/src/org/chromium/chrome/browser/test/DummyTest.java,1,1,0,0,1,0,0,0,1,1,1,0,0,0,0,1,0,0,0,0,0,0,0
./chrome/android/javatests/src/org/chromium/chrome/browser/test/util/BookmarkUtils.java,1,1,0,0,1,0,0,0,2,0,2,0,0,0,2,0,1,0,0,0,1,1,0
./chrome/android/javatests/src/org/chromium/chrome/browser/util/HashUtilTest.java,1,1,0,0,1,0,0,0,1,1,1,0,0,0,0,1,0,0,0,0,0,0,0
./chrome/android/javatests/src/org/chromium/chrome/browser/identity/SettingsSecureBasedIdentificationGeneratorTest.java,2,2,0,0,1,0,0,1,6,4,4,0,1,1,0,6,3,0,0,0,3,1,2
./chrome/android/javatests/src/org/chromium/chrome/browser/identity/UniqueIdentificationGeneratorFactoryTest.java,2,2,0,0,1,0,0,1,4,3,4,0,0,0,0,4,0,0,0,0,0,0,0
./chrome/android/javatests/src/org/chromium/chrome/browser/autofill/PersonalDataManagerTest.java,1,1,0,0,1,0,0,0,26,4,16,0,0,10,0,26,1,0,0,0,1,0,1
./chrome/android/javatests/src/org/chromium/chrome/browser/autofill/AutofillTest.java,2,2,0,0,1,0,0,1,13,2,11,0,0,2,0,13,7,1,0,0,6,2,5
./chrome/android/javatests/src/org/chromium/chrome/browser/search_engines/TemplateUrlServiceTest.java,1,1,0,0,1,0,0,0,11,2,10,0,0,1,0,11,0,0,0,0,0,0,0
./chrome/android/javatests/src/org/chromium/chrome/browser/input/SelectPopupOtherContentViewTest.java,2,2,0,0,1,0,0,1,3,1,3,0,0,0,0,3,2,0,0,0,2,2,0
./chrome/android/testshell/javatests/src/org/chromium/chrome/testshell/ChromiumTestShellUrlTest.java,1,1,0,0,1,0,0,0,6,3,6,0,0,0,0,6,1,0,0,0,1,1,0
./chrome/android/testshell/javatests/src/org/chromium/chrome/testshell/ChromiumTestShellTestBase.java,1,1,0,0,1,0,0,0,12,0,5,4,0,3,1,11,2,0,0,0,2,1,1
./chrome/android/testshell/javatests/src/org/chromium/chrome/testshell/TabShellTabUtils.java,3,3,0,0,3,0,0,0,6,0,5,0,0,1,2,4,1,0,0,0,1,0,1
./chrome/android/testshell/java/src/org/chromium/chrome/testshell/TestShellTabObserver.java,1,0,1,0,1,0,0,0,3,0,3,0,0,0,0,3,0,0,0,0,0,0,0
./chrome/android/testshell/java/src/org/chromium/chrome/testshell/TestShellTab.java,3,3,0,0,1,0,0,2,17,0,11,0,0,6,1,16,7,0,0,0,7,0,7
./chrome/android/testshell/java/src/org/chromium/chrome/testshell/ChromiumTestShellActivity.java,1,1,0,0,1,0,0,0,14,0,6,6,0,2,1,13,7,0,0,0,7,4,3
./chrome/android/testshell/java/src/org/chromium/chrome/testshell/TestShellToolbar.java,2,2,0,0,1,0,0,1,15,0,9,1,0,5,0,15,8,0,0,0,8,1,7
./chrome/android/testshell/java/src/org/chromium/chrome/testshell/TabManager.java,1,1,0,0,1,0,0,0,8,0,4,2,0,2,0,8,7,0,0,0,7,1,6
./chrome/android/testshell/java/src/org/chromium/chrome/testshell/ChromiumTestShellApplication.java,1,1,0,0,1,0,0,0,1,0,1,0,0,0,0,1,3,0,0,0,3,3,0
./chrome/android/java/src/org/chromium/chrome/browser/ChromeBrowserProvider.java,5,4,0,1,3,0,0,2,109,0,34,5,3,67,21,88,72,8,1,20,43,46,26
./chrome/android/java/src/org/chromium/chrome/browser/TabBase.java,1,1,0,0,1,0,0,0,3,0,0,1,0,2,0,3,2,0,0,0,2,0,2
./chrome/android/java/src/org/chromium/chrome/browser/ChromeHttpAuthHandler.java,2,1,1,0,2,0,0,0,20,0,10,0,0,10,1,19,4,0,0,0,4,0,4
./chrome/android/java/src/org/chromium/chrome/browser/CertificateViewer.java,1,1,0,0,0,0,1,0,25,0,3,0,0,22,15,10,6,0,0,0,6,1,5
./chrome/android/java/src/org/chromium/chrome/browser/ChromeBrowserProviderSuggestionsCursor.java,1,1,0,0,0,0,1,0,10,0,10,0,0,0,0,10,10,0,0,0,10,9,1
./chrome/android/java/src/org/chromium/chrome/browser/BookmarkUtils.java,1,1,0,0,1,0,0,0,7,0,1,0,0,6,7,0,6,1,0,0,5,6,0
./chrome/android/java/src/org/chromium/chrome/browser/ApplicationLifetime.java,2,1,1,0,2,0,0,0,4,0,3,0,1,0,3,1,1,0,0,0,1,1,0
./chrome/android/java/src/org/chromium/chrome/browser/ChromeWebContentsDelegateAndroid.java,1,1,0,0,1,0,0,0,7,0,2,0,0,5,5,2,0,0,0,0,0,0,0
./chrome/android/java/src/org/chromium/chrome/browser/ValidationMessageBubble.java,1,1,0,0,0,0,1,0,9,0,0,0,0,9,4,5,1,0,0,0,1,0,1
./chrome/android/java/src/org/chromium/chrome/browser/SSLClientCertificateRequest.java,1,1,0,0,0,0,1,0,6,0,2,2,0,2,2,4,5,0,0,1,4,1,4
./chrome/android/java/src/org/chromium/chrome/browser/WebsiteSettingsPopup.java,1,1,0,0,0,0,1,0,11,0,2,0,0,9,1,10,8,0,0,0,8,1,7
./chrome/android/java/src/org/chromium/chrome/browser/FindMatchRectsDetails.java,1,1,0,0,1,0,0,0,0,0,0,0,0,0,0,0,3,3,0,0,0,0,3
./chrome/android/java/src/org/chromium/chrome/browser/FindNotificationDetails.java,1,1,0,0,1,0,0,0,0,0,0,0,0,0,0,0,4,4,0,0,0,0,4
./chrome/android/java/src/org/chromium/chrome/browser/ChromeBrowserProviderClient.java,1,1,0,0,1,0,0,0,11,0,8,0,0,3,11,0,7,6,0,0,1,7,0
./chrome/android/java/src/org/chromium/chrome/browser/ContentViewUtil.java,1,1,0,0,1,0,0,0,4,0,2,0,0,2,4,0,0,0,0,0,0,0,0
./chrome/android/java/src/org/chromium/chrome/browser/IntentHelper.java,1,1,0,0,1,0,0,0,1,0,0,0,1,0,1,0,0,0,0,0,0,0,0
./chrome/android/java/src/org/chromium/chrome/browser/TtsPlatformImpl.java,2,2,0,0,0,0,1,1,21,0,8,0,0,13,1,20,7,0,0,0,7,0,7
./chrome/android/java/src/org/chromium/chrome/browser/NavigationPopup.java,3,3,0,0,1,0,0,2,17,0,9,0,0,8,1,16,20,0,0,6,14,7,13
./chrome/android/java/src/org/chromium/chrome/browser/DevToolsServer.java,1,1,0,0,1,0,0,0,7,0,3,0,0,4,0,7,1,0,0,0,1,0,1
./chrome/android/java/src/org/chromium/chrome/browser/JavascriptAppModalDialog.java,5,5,0,0,1,0,0,4,31,0,25,0,3,3,6,25,10,0,0,0,10,1,9
./chrome/android/java/src/org/chromium/chrome/browser/sync/ProfileSyncService.java,2,1,1,0,2,0,0,0,87,0,48,0,0,39,2,85,6,1,1,0,4,3,3
./chrome/android/java/src/org/chromium/chrome/browser/sync/GoogleServiceAuthError.java,2,1,0,1,2,0,0,0,3,0,2,0,1,0,1,2,3,0,0,0,3,0,3
./chrome/android/java/src/org/chromium/chrome/browser/profiles/MostVisitedSites.java,3,1,2,0,3,0,0,0,6,0,4,0,0,2,2,4,1,0,0,0,1,0,1
./chrome/android/java/src/org/chromium/chrome/browser/profiles/Profile.java,1,1,0,0,1,0,0,0,3,0,0,0,0,3,1,2,1,0,0,0,1,0,1
./chrome/android/java/src/org/chromium/chrome/browser/util/HashUtil.java,2,2,0,0,2,0,0,0,4,0,2,0,0,2,3,1,3,0,0,0,3,1,2
./chrome/android/java/src/org/chromium/chrome/browser/identity/SettingsSecureBasedIdentificationGenerator.java,1,1,0,0,1,0,0,0,2,0,1,0,1,0,0,2,2,1,0,0,1,1,1
./chrome/android/java/src/org/chromium/chrome/browser/identity/UniqueIdentificationGeneratorFactory.java,1,1,0,0,1,0,0,0,3,0,3,0,0,0,3,0,2,0,0,0,2,2,0
./chrome/android/java/src/org/chromium/chrome/browser/identity/UniqueIdentificationGenerator.java,1,0,1,0,1,0,0,0,1,0,0,0,1,0,0,1,0,0,0,0,0,0,0
./chrome/android/java/src/org/chromium/chrome/browser/autofill/AutofillDialog.java,2,1,1,0,2,0,0,0,61,0,49,0,0,12,0,61,7,0,0,0,7,0,7
./chrome/android/java/src/org/chromium/chrome/browser/autofill/AutofillDialogView.java,3,2,1,0,2,0,0,1,46,0,30,5,1,10,2,44,35,0,0,8,27,9,26
./chrome/android/java/src/org/chromium/chrome/browser/autofill/AutofillDialogNotification.java,1,1,0,0,0,0,1,0,0,0,0,0,0,0,0,0,8,0,0,8,0,0,8
./chrome/android/java/src/org/chromium/chrome/browser/autofill/PersonalDataManager.java,4,3,1,0,4,0,0,0,63,0,52,0,0,11,3,60,22,0,0,0,22,1,21
./chrome/android/java/src/org/chromium/chrome/browser/autofill/AutofillDialogFieldError.java,1,1,0,0,0,0,1,0,0,0,0,0,0,0,0,0,2,0,0,2,0,0,2
./chrome/android/java/src/org/chromium/chrome/browser/autofill/AutofillDialogGlue.java,1,1,0,0,1,0,0,0,71,0,24,0,0,47,11,60,4,0,0,0,4,0,4
./chrome/android/java/src/org/chromium/chrome/browser/autofill/AutofillPopupGlue.java,1,1,0,0,1,0,0,0,10,0,2,0,0,8,3,7,2,0,0,0,2,0,2
./chrome/android/java/src/org/chromium/chrome/browser/autofill/AutofillDialogUtils.java,1,1,0,0,1,0,0,0,7,0,7,0,0,0,7,0,2,2,0,0,0,2,0
./chrome/android/java/src/org/chromium/chrome/browser/autofill/AutofillDialogAccountHelper.java,2,1,1,0,2,0,0,0,8,0,4,0,2,2,0,8,8,0,0,0,8,2,6
./chrome/android/java/src/org/chromium/chrome/browser/autofill/AutofillDialogConstants.java,1,1,0,0,1,0,0,0,0,0,0,0,0,0,0,0,63,63,0,0,0,63,0
./chrome/android/java/src/org/chromium/chrome/browser/autofill/AutofillDialogField.java,1,1,0,0,1,0,0,0,2,0,2,0,0,0,0,2,4,0,0,3,1,0,4
./chrome/android/java/src/org/chromium/chrome/browser/autofill/AutofillDialogTitleView.java,1,1,0,0,1,0,0,0,5,0,4,1,0,0,0,5,1,0,0,0,1,0,1
./chrome/android/java/src/org/chromium/chrome/browser/autofill/AutofillDialogMenuItem.java,1,1,0,0,1,0,0,0,0,0,0,0,0,0,0,0,7,7,0,0,0,0,7
./chrome/android/java/src/org/chromium/chrome/browser/favicon/FaviconHelper.java,2,1,1,0,2,0,0,0,7,0,3,1,0,3,3,4,5,4,0,0,1,4,1
./chrome/android/java/src/org/chromium/chrome/browser/search_engines/TemplateUrlService.java,3,2,1,0,3,0,0,0,23,0,14,0,0,9,2,21,6,0,0,0,6,1,5
./chrome/android/java/src/org/chromium/chrome/browser/database/SQLiteCursor.java,1,1,0,0,1,0,0,0,30,0,14,1,0,15,1,29,7,0,0,0,7,1,6
./chrome/android/uiautomator_tests/src/org/chromium/chrome/testshell/uiautomator/DummyTest.java,1,1,0,0,1,0,0,0,1,1,1,0,0,0,0,1,0,0,0,0,0,0,0
./media/base/android/java/src/org/chromium/media/MediaPlayerListener.java,1,1,0,0,0,0,1,0,16,0,8,0,0,8,1,15,8,2,0,0,6,6,2
./media/base/android/java/src/org/chromium/media/AudioManagerAndroid.java,1,1,0,0,0,0,1,0,11,0,4,0,0,7,3,8,7,0,0,0,7,3,4
./media/base/android/java/src/org/chromium/media/MediaCodecBridge.java,2,2,0,0,0,0,1,1,27,0,0,0,0,27,5,22,11,0,0,0,11,2,9
./media/base/android/java/src/org/chromium/media/VideoCapture.java,3,3,0,0,1,0,1,1,17,0,10,0,0,7,3,14,22,4,0,1,17,3,19
./media/base/android/java/src/org/chromium/media/MediaPlayerBridge.java,2,2,0,0,0,0,1,1,5,0,0,0,0,5,2,3,4,0,0,0,4,1,3
./media/base/android/java/src/org/chromium/media/WebAudioMediaCodecBridge.java,1,1,0,0,0,0,1,0,4,0,0,0,0,4,4,0,3,0,0,2,1,3,0
./remoting/android/internal/apk/src/org/chromium/chromoting/RemotingApplication.java,1,1,0,0,1,0,0,0,1,0,1,0,0,0,0,1,0,0,0,0,0,0,0
./remoting/android/internal/apk/src/org/chromium/chromoting/accountswitcher/AccountSwitcherFactoryGoogle.java,1,1,0,0,1,0,0,0,1,0,1,0,0,0,0,1,0,0,0,0,0,0,0
./remoting/android/internal/apk/src/org/chromium/chromoting/accountswitcher/AccountsImageLoaderImpl.java,1,1,0,0,1,0,0,0,5,0,4,0,0,1,0,5,3,0,0,0,3,0,3
./remoting/android/internal/apk/src/org/chromium/chromoting/accountswitcher/AccountOwnerImpl.java,1,1,0,0,1,0,0,0,4,0,4,0,0,0,0,4,1,0,0,0,1,0,1
./remoting/android/internal/apk/src/org/chromium/chromoting/accountswitcher/AccountSwitcherGoogle.java,1,1,0,0,1,0,0,0,19,0,17,0,0,2,0,19,12,0,0,0,12,3,9
./remoting/android/internal/apk/src/org/chromium/chromoting/help/HelpAndFeedbackGoogle.java,2,2,0,0,1,0,0,1,9,0,5,0,0,4,4,5,3,0,0,0,3,1,2
./remoting/android/internal/account_switcher/src/com/google/android/gms/people/accountswitcherview/AccountSwitcherDialog.java,1,1,0,0,1,0,0,0,12,0,12,0,0,0,0,12,14,0,0,0,14,0,14
./remoting/android/internal/account_switcher/src/com/google/android/gms/people/accountswitcherview/SelectedAccountNavigationView.java,8,3,5,0,7,0,0,1,54,0,31,0,3,20,0,54,77,25,0,0,52,14,63
./remoting/android/internal/account_switcher/src/com/google/android/gms/people/accountswitcherview/AccountListHelper.java,3,3,0,0,1,0,0,2,18,0,15,1,0,2,0,18,15,1,4,0,10,1,14
./remoting/android/internal/account_switcher/src/com/google/android/gms/people/accountswitcherview/OwnersImageManager.java,3,3,0,0,3,0,0,0,11,0,8,0,0,3,0,11,18,9,2,0,7,3,15
./remoting/android/internal/account_switcher/src/com/google/android/gms/people/accountswitcherview/ExpanderView.java,1,1,0,0,1,0,0,0,3,0,2,0,0,1,0,3,4,0,0,0,4,1,3
./remoting/android/internal/account_switcher/src/com/google/android/gms/people/accountswitcherview/AccountSwitcherView.java,8,2,5,0,7,0,0,1,58,0,46,2,1,9,2,56,32,3,0,0,29,3,29
./remoting/android/internal/account_switcher/src/com/google/android/gms/people/accountswitcherview/ScrimDrawable.java,1,1,0,0,1,0,0,0,2,0,2,0,0,0,0,2,2,1,0,0,1,1,1
./remoting/android/internal/account_switcher/src/com/google/android/gms/people/accountswitcherview/ShrinkingItem.java,1,1,0,0,0,0,1,0,2,0,1,1,0,0,0,2,1,0,0,0,1,0,1
./remoting/android/internal/account_switcher/src/com/google/android/gms/people/accountswitcherview/OwnersListAdapter.java,6,3,2,0,5,0,0,1,23,0,20,0,0,3,1,22,19,7,0,0,12,4,15
./remoting/android/internal/account_switcher/src/com/google/android/gms/people/accountswitcherview/OwnersCoverPhotoManager.java,1,1,0,0,1,0,0,0,2,0,2,0,0,0,0,2,1,0,0,0,1,0,1
./remoting/android/internal/account_switcher/src/com/google/android/gms/people/accountswitcherview/ImageUtils.java,1,1,0,0,0,0,1,0,3,0,3,0,0,0,3,0,0,0,0,0,0,0,0
./remoting/android/internal/account_switcher/src/com/google/android/gms/people/accountswitcherview/AccountOwner.java,1,0,1,0,1,0,0,0,3,0,3,0,0,0,0,3,0,0,0,0,0,0,0
./remoting/android/internal/account_switcher/src/com/google/android/gms/people/accountswitcherview/OwnersAvatarManager.java,1,1,0,0,1,0,0,0,2,0,2,0,0,0,0,2,0,0,0,0,0,0,0
./remoting/android/internal/account_switcher/src/com/google/android/gms/people/accountswitcherview/AccountsImageLoader.java,1,0,1,0,1,0,0,0,3,0,3,0,0,0,0,3,0,0,0,0,0,0,0
./net/test/android/javatests/src/org/chromium/net/test/util/TestWebServer.java,5,5,0,0,1,0,0,4,23,0,13,0,0,10,1,22,25,1,0,3,21,10,15
./net/android/javatests/src/org/chromium/net/AndroidKeyStoreTestUtil.java,1,1,0,0,1,0,0,0,1,0,1,0,0,0,1,0,1,0,0,0,1,1,0
./net/android/javatests/src/org/chromium/net/AndroidProxySelectorTest.java,1,1,0,0,1,0,0,0,19,15,16,0,3,0,3,16,1,0,0,1,0,0,1
./net/android/javatests/src/org/chromium/net/NetworkChangeNotifierTest.java,3,3,0,0,1,0,1,1,11,1,4,0,7,0,0,11,4,0,0,0,4,0,4
./net/android/javatests/src/org/chromium/net/NetErrorsTest.java,1,1,0,0,1,0,0,0,1,1,1,0,0,0,0,1,2,0,0,0,2,2,0
./net/android/javatests/src/org/chromium/net/X509UtilTest.java,1,1,0,0,1,0,0,0,3,1,1,0,0,2,2,1,9,0,0,0,9,9,0
./net/android/java/src/org/chromium/net/AndroidKeyStore.java,1,1,0,0,1,0,0,0,7,0,7,0,0,0,7,0,1,0,0,0,1,1,0
./net/android/java/src/org/chromium/net/NetworkChangeNotifierAutoDetect.java,4,3,1,0,2,0,1,1,13,0,5,0,5,3,0,13,8,0,0,0,8,1,7
./net/android/java/src/org/chromium/net/GURLUtils.java,1,1,0,0,1,0,0,0,4,0,2,0,0,2,4,0,0,0,0,0,0,0,0
./net/android/java/src/org/chromium/net/AndroidNetworkLibrary.java,1,1,0,0,0,0,1,0,8,0,8,0,0,0,8,0,1,0,0,0,1,1,0
./net/android/java/src/org/chromium/net/ProxyChangeListener.java,3,2,1,0,2,0,0,1,12,0,8,0,0,4,3,9,6,0,0,0,6,2,4
./net/android/java/src/org/chromium/net/NetworkChangeNotifier.java,2,1,1,0,2,0,0,0,24,0,14,0,2,8,10,14,13,7,0,0,6,8,5
./net/android/java/src/org/chromium/net/X509Util.java,1,1,0,0,1,0,0,0,8,0,4,0,1,3,8,0,10,0,0,0,10,10,0
./build/android/tests/multiple_proguards/src/dummy/DummyActivity.java,1,1,0,0,1,0,0,0,0,0,0,0,0,0,0,0,0,0,0,0,0,0,0
./data/mozilla_js_tests/src/com/netscape/javascript/qa/drivers/LiveConnectEnv.java,1,1,0,0,1,0,0,0,7,0,6,0,1,0,0,7,6,0,0,6,0,0,6
./data/mozilla_js_tests/src/com/netscape/javascript/qa/drivers/LiveNavEnv.java,1,1,0,0,1,0,0,0,5,0,5,0,0,0,0,5,11,0,0,9,2,0,11
./data/mozilla_js_tests/src/com/netscape/javascript/qa/drivers/TestFile.java,1,1,0,0,1,0,0,0,0,0,0,0,0,0,0,0,15,15,0,0,0,0,15
./data/mozilla_js_tests/src/com/netscape/javascript/qa/drivers/NavDrv.java,1,1,0,0,1,0,0,0,15,0,15,0,0,0,8,7,2,0,0,2,0,0,2
./data/mozilla_js_tests/src/com/netscape/javascript/qa/drivers/RhinoEnv.java,1,1,0,0,1,0,0,0,7,0,7,0,0,0,0,7,6,1,0,5,0,0,6
./data/mozilla_js_tests/src/com/netscape/javascript/qa/drivers/TestLog.java,1,1,0,0,1,0,0,0,5,0,5,0,0,0,0,5,4,0,0,0,4,0,4
./data/mozilla_js_tests/src/com/netscape/javascript/qa/drivers/RefDrv.java,1,1,0,0,1,0,0,0,3,0,3,0,0,0,1,2,3,0,0,3,0,0,3
./data/mozilla_js_tests/src/com/netscape/javascript/qa/drivers/TestSuite.java,1,1,0,0,1,0,0,0,0,0,0,0,0,0,0,0,6,6,0,0,0,0,6
./data/mozilla_js_tests/src/com/netscape/javascript/qa/drivers/LiveNavDrv.java,1,1,0,0,1,0,0,0,2,0,2,0,0,0,1,1,2,0,0,2,0,0,2
./data/mozilla_js_tests/src/com/netscape/javascript/qa/drivers/TestDriver.java,1,1,0,0,1,0,0,0,32,0,32,0,0,0,17,15,25,9,0,16,0,9,16
./data/mozilla_js_tests/src/com/netscape/javascript/qa/drivers/ObservedTask.java,2,2,0,0,1,0,1,0,8,0,6,0,2,0,2,6,7,4,0,3,0,0,7
./data/mozilla_js_tests/src/com/netscape/javascript/qa/drivers/RefEnv.java,1,1,0,0,1,0,0,0,5,0,5,0,0,0,0,5,8,4,0,4,0,4,4
./data/mozilla_js_tests/src/com/netscape/javascript/qa/drivers/RhinoDrv.java,1,1,0,0,1,0,0,0,3,0,3,0,0,0,1,2,1,1,0,0,0,0,1
./data/mozilla_js_tests/src/com/netscape/javascript/qa/drivers/LiveConnectDrv.java,1,1,0,0,1,0,0,0,5,0,5,0,0,0,1,4,0,0,0,0,0,0,0
./data/mozilla_js_tests/src/com/netscape/javascript/qa/drivers/MacRefEnv.java,1,1,0,0,1,0,0,0,11,0,11,0,0,0,0,11,11,4,0,7,0,4,7
./data/mozilla_js_tests/src/com/netscape/javascript/qa/drivers/MacRefDrv.java,0,0,0,0,0,0,0,0,0,0,0,0,0,0,0,0,0,0,0,0,0,0,0
./data/mozilla_js_tests/src/com/netscape/javascript/qa/drivers/TestCase.java,1,1,0,0,1,0,0,0,0,0,0,0,0,0,0,0,6,6,0,0,0,0,6
./data/mozilla_js_tests/src/com/netscape/javascript/qa/drivers/NavEnv.java,1,1,0,0,1,0,0,0,7,0,7,0,0,0,0,7,10,0,0,8,2,0,10
./data/mozilla_js_tests/src/com/netscape/javascript/qa/drivers/TestEnvironment.java,1,0,1,0,1,0,0,0,5,0,5,0,0,0,0,5,0,0,0,0,0,0,0
./data/mozilla_js_tests/src/com/netscape/javascript/qa/liveconnect/JSObjectEval.java,1,1,0,0,1,0,0,0,1,0,1,0,0,0,1,0,0,0,0,0,0,0,0
./data/mozilla_js_tests/src/com/netscape/javascript/qa/liveconnect/LiveConnectTest.java,1,1,0,0,1,0,0,0,21,0,21,0,0,0,2,19,17,16,0,1,0,5,12
./data/mozilla_js_tests/src/com/netscape/javascript/qa/liveconnect/JSObjectConversion.java,1,1,0,0,1,0,0,0,10,0,10,0,0,0,3,7,9,9,0,0,0,6,3
./data/mozilla_js_tests/src/com/netscape/javascript/qa/liveconnect/DataTypeClass.java,1,1,0,0,1,0,0,0,103,0,103,0,0,0,42,61,263,101,54,54,54,158,105
./data/mozilla_js_tests/src/com/netscape/javascript/qa/liveconnect/exception/Exception_001.java,1,1,0,0,1,0,0,0,2,0,2,0,0,0,1,1,0,0,0,0,0,0,0
./data/mozilla_js_tests/src/com/netscape/javascript/qa/liveconnect/datatypes/DataTypes_017.java,1,1,0,0,1,0,0,0,4,0,4,0,0,0,1,3,2,0,0,2,0,0,2
./data/mozilla_js_tests/src/com/netscape/javascript/qa/liveconnect/datatypes/DataTypes_016.java,1,1,0,0,1,0,0,0,10,0,10,0,0,0,1,9,1,0,0,1,0,0,1
./data/mozilla_js_tests/src/com/netscape/javascript/qa/liveconnect/datatypes/DataTypes_011.java,1,1,0,0,1,0,0,0,4,0,4,0,0,0,1,3,0,0,0,0,0,0,0
./data/mozilla_js_tests/src/com/netscape/javascript/qa/liveconnect/datatypes/DataTypes_018.java,1,1,0,0,1,0,0,0,3,0,3,0,0,0,1,2,0,0,0,0,0,0,0
./data/mozilla_js_tests/src/com/netscape/javascript/qa/liveconnect/datatypes/DataTypes_010.java,1,1,0,0,1,0,0,0,4,0,4,0,0,0,1,3,0,0,0,0,0,0,0
./data/mozilla_js_tests/src/com/netscape/javascript/qa/liveconnect/datatypes/DataTypes_015.java,1,1,0,0,1,0,0,0,4,0,4,0,0,0,1,3,0,0,0,0,0,0,0
./data/mozilla_js_tests/src/com/netscape/javascript/qa/liveconnect/datatypes/DataTypes_013.java,1,1,0,0,1,0,0,0,4,0,4,0,0,0,1,3,0,0,0,0,0,0,0
./data/mozilla_js_tests/src/com/netscape/javascript/qa/liveconnect/datatypes/DataTypes_005.java,1,1,0,0,1,0,0,0,8,0,8,0,0,0,1,7,0,0,0,0,0,0,0
./data/mozilla_js_tests/src/com/netscape/javascript/qa/liveconnect/datatypes/DataTypes_014.java,1,1,0,0,1,0,0,0,4,0,4,0,0,0,1,3,0,0,0,0,0,0,0
./data/mozilla_js_tests/src/com/netscape/javascript/qa/liveconnect/datatypes/DataTypes_001.java,1,1,0,0,1,0,0,0,8,0,8,0,0,0,1,7,0,0,0,0,0,0,0
./data/mozilla_js_tests/src/com/netscape/javascript/qa/liveconnect/datatypes/DataTypes_008.java,1,1,0,0,1,0,0,0,4,0,4,0,0,0,1,3,0,0,0,0,0,0,0
./data/mozilla_js_tests/src/com/netscape/javascript/qa/liveconnect/datatypes/DataTypes_006.java,1,1,0,0,1,0,0,0,6,0,6,0,0,0,1,5,0,0,0,0,0,0,0
./data/mozilla_js_tests/src/com/netscape/javascript/qa/liveconnect/datatypes/DataTypes_007.java,1,1,0,0,1,0,0,0,8,0,8,0,0,0,1,7,0,0,0,0,0,0,0
./data/mozilla_js_tests/src/com/netscape/javascript/qa/liveconnect/datatypes/DataTypes_012.java,1,1,0,0,1,0,0,0,4,0,4,0,0,0,1,3,0,0,0,0,0,0,0
./data/mozilla_js_tests/src/com/netscape/javascript/qa/liveconnect/datatypes/DataTypes_004.java,1,1,0,0,1,0,0,0,5,0,5,0,0,0,1,4,0,0,0,0,0,0,0
./data/mozilla_js_tests/src/com/netscape/javascript/qa/liveconnect/datatypes/DataTypes_003.java,1,1,0,0,1,0,0,0,6,0,6,0,0,0,1,5,0,0,0,0,0,0,0
./data/mozilla_js_tests/src/com/netscape/javascript/qa/liveconnect/datatypes/DataTypes_019.java,1,1,0,0,1,0,0,0,3,0,3,0,0,0,1,2,0,0,0,0,0,0,0
./data/mozilla_js_tests/src/com/netscape/javascript/qa/liveconnect/datatypes/DataTypes_002.java,1,1,0,0,1,0,0,0,7,0,7,0,0,0,1,6,0,0,0,0,0,0,0
./data/mozilla_js_tests/src/com/netscape/javascript/qa/liveconnect/datatypes/DataTypes_009.java,1,1,0,0,1,0,0,0,4,0,4,0,0,0,1,3,0,0,0,0,0,0,0
./data/mozilla_js_tests/src/com/netscape/javascript/qa/liveconnect/slot/Slot_005.java,1,1,0,0,1,0,0,0,9,0,9,0,0,0,1,8,9,9,0,0,0,0,9
./data/mozilla_js_tests/src/com/netscape/javascript/qa/liveconnect/slot/Slot_001.java,1,1,0,0,1,0,0,0,6,0,6,0,0,0,1,5,5,0,0,5,0,0,5
./data/mozilla_js_tests/src/com/netscape/javascript/qa/liveconnect/slot/Slot_004.java,1,1,0,0,1,0,0,0,7,0,7,0,0,0,1,6,0,0,0,0,0,0,0
./data/mozilla_js_tests/src/com/netscape/javascript/qa/liveconnect/slot/Slot_002.java,1,1,0,0,1,0,0,0,8,0,8,0,0,0,1,7,9,9,0,0,0,0,9
./data/mozilla_js_tests/src/com/netscape/javascript/qa/liveconnect/slot/Slot_003.java,1,1,0,0,1,0,0,0,8,0,8,0,0,0,1,7,9,9,0,0,0,0,9
./data/mozilla_js_tests/src/com/netscape/javascript/qa/liveconnect/slot/Slot_006.java,1,1,0,0,1,0,0,0,5,0,5,0,0,0,1,4,0,0,0,0,0,0,0
./data/mozilla_js_tests/src/com/netscape/javascript/qa/liveconnect/call/Call_001.java,1,1,0,0,1,0,0,0,6,0,6,0,0,0,1,5,0,0,0,0,0,0,0
./data/mozilla_js_tests/src/com/netscape/javascript/qa/liveconnect/jsobject/JSObject_001.java,1,1,0,0,1,0,0,0,4,0,4,0,0,0,1,3,0,0,0,0,0,0,0
./data/mozilla_js_tests/src/com/netscape/javascript/qa/liveconnect/member/Member_002.java,1,1,0,0,1,0,0,0,8,0,8,0,0,0,1,7,0,0,0,0,0,0,0
./data/mozilla_js_tests/src/com/netscape/javascript/qa/liveconnect/member/Member_001.java,1,1,0,0,1,0,0,0,7,0,7,0,0,0,1,6,0,0,0,0,0,0,0
./data/mozilla_js_tests/src/com/netscape/javascript/qa/liveconnect/tostring/ToString_001.java,1,1,0,0,1,0,0,0,6,0,6,0,0,0,1,5,0,0,0,0,0,0,0
./data/mozilla_js_tests/src/com/netscape/javascript/qa/lc3/number/Number_001.java,1,1,0,0,1,0,0,0,11,0,11,0,0,0,0,11,12,12,0,0,0,0,12
./data/mozilla_js_tests/src/com/netscape/javascript/qa/lc3/number/Number_009.java,1,1,0,0,1,0,0,0,5,0,5,0,0,0,0,5,12,12,0,0,0,0,12
./data/mozilla_js_tests/src/com/netscape/javascript/qa/lc3/number/Number_003.java,1,1,0,0,1,0,0,0,11,0,11,0,0,0,0,11,12,12,0,0,0,0,12
./data/mozilla_js_tests/src/com/netscape/javascript/qa/lc3/number/Number_005.java,1,1,0,0,1,0,0,0,9,0,9,0,0,0,0,9,12,12,0,0,0,0,12
./data/mozilla_js_tests/src/com/netscape/javascript/qa/lc3/number/Number_006.java,1,1,0,0,1,0,0,0,8,0,8,0,0,0,0,8,12,12,0,0,0,0,12
./data/mozilla_js_tests/src/com/netscape/javascript/qa/lc3/number/Number_004.java,1,1,0,0,1,0,0,0,10,0,10,0,0,0,0,10,12,12,0,0,0,0,12
./data/mozilla_js_tests/src/com/netscape/javascript/qa/lc3/number/Number_008.java,1,1,0,0,1,0,0,0,6,0,6,0,0,0,0,6,12,12,0,0,0,0,12
./data/mozilla_js_tests/src/com/netscape/javascript/qa/lc3/number/Number_002.java,1,1,0,0,1,0,0,0,12,0,12,0,0,0,0,12,12,12,0,0,0,0,12
./data/mozilla_js_tests/src/com/netscape/javascript/qa/lc3/number/Number_007.java,1,1,0,0,1,0,0,0,7,0,7,0,0,0,0,7,12,12,0,0,0,0,12
./data/mozilla_js_tests/src/com/netscape/javascript/qa/lc3/number/Number_010.java,1,1,0,0,1,0,0,0,4,0,4,0,0,0,0,4,12,12,0,0,0,0,12
./data/mozilla_js_tests/src/com/netscape/javascript/qa/lc3/string/String_001.java,1,1,0,0,1,0,0,0,12,0,12,0,0,0,0,12,12,12,0,0,0,0,12
./data/mozilla_js_tests/src/com/netscape/javascript/qa/lc3/string/String_002.java,1,1,0,0,1,0,0,0,11,0,11,0,0,0,0,11,12,12,0,0,0,0,12
./data/mozilla_js_tests/src/com/netscape/javascript/qa/lc3/string/String_003.java,1,1,0,0,1,0,0,0,10,0,10,0,0,0,0,10,12,12,0,0,0,0,12
./data/mozilla_js_tests/src/com/netscape/javascript/qa/lc3/string/String_005.java,1,1,0,0,1,0,0,0,4,0,4,0,0,0,0,4,12,12,0,0,0,0,12
./data/mozilla_js_tests/src/com/netscape/javascript/qa/lc3/string/String_004.java,1,1,0,0,1,0,0,0,8,0,8,0,0,0,0,8,12,12,0,0,0,0,12
./data/mozilla_js_tests/src/com/netscape/javascript/qa/lc3/jsnull/Null_001.java,1,1,0,0,1,0,0,0,13,0,13,0,0,0,3,10,14,14,0,0,0,3,11
./data/mozilla_js_tests/src/com/netscape/javascript/qa/lc3/undefined/Undefined_001.java,1,1,0,0,1,0,0,0,4,0,4,0,0,0,2,2,4,4,0,0,0,2,2
./data/mozilla_js_tests/src/com/netscape/javascript/qa/lc3/jsobject/JSObject_002.java,1,1,0,0,1,0,0,0,11,0,11,0,0,0,0,11,12,12,0,0,0,0,12
./data/mozilla_js_tests/src/com/netscape/javascript/qa/lc3/jsobject/JSObject_005.java,1,1,0,0,1,0,0,0,8,0,8,0,0,0,0,8,12,12,0,0,0,0,12
./data/mozilla_js_tests/src/com/netscape/javascript/qa/lc3/jsobject/JSObject_004.java,1,1,0,0,1,0,0,0,9,0,9,0,0,0,0,9,12,12,0,0,0,0,12
./data/mozilla_js_tests/src/com/netscape/javascript/qa/lc3/jsobject/JSObject_006.java,1,1,0,0,1,0,0,0,7,0,7,0,0,0,0,7,12,12,0,0,0,0,12
./data/mozilla_js_tests/src/com/netscape/javascript/qa/lc3/jsobject/JSObject_008.java,1,1,0,0,1,0,0,0,5,0,5,0,0,0,0,5,12,12,0,0,0,0,12
./data/mozilla_js_tests/src/com/netscape/javascript/qa/lc3/jsobject/JSObject_001.java,1,1,0,0,1,0,0,0,12,0,12,0,0,0,0,12,12,12,0,0,0,0,12
./data/mozilla_js_tests/src/com/netscape/javascript/qa/lc3/jsobject/JSObject_009.java,1,1,0,0,1,0,0,0,4,0,4,0,0,0,0,4,12,12,0,0,0,0,12
./data/mozilla_js_tests/src/com/netscape/javascript/qa/lc3/jsobject/JSObject_010.java,1,1,0,0,1,0,0,0,3,0,3,0,0,0,0,3,12,12,0,0,0,0,12
./data/mozilla_js_tests/src/com/netscape/javascript/qa/lc3/jsobject/JSObject_007.java,1,1,0,0,1,0,0,0,6,0,6,0,0,0,0,6,12,12,0,0,0,0,12
./data/mozilla_js_tests/src/com/netscape/javascript/qa/lc3/jsobject/JSObject_003.java,1,1,0,0,1,0,0,0,10,0,10,0,0,0,0,10,12,12,0,0,0,0,12
./data/mozilla_js_tests/src/com/netscape/javascript/qa/lc3/bool/Boolean_008.java,1,1,0,0,1,0,0,0,4,0,4,0,0,0,0,4,11,11,0,0,0,0,11
./data/mozilla_js_tests/src/com/netscape/javascript/qa/lc3/bool/Boolean_006.java,1,1,0,0,1,0,0,0,6,0,6,0,0,0,0,6,11,11,0,0,0,0,11
./data/mozilla_js_tests/src/com/netscape/javascript/qa/lc3/bool/Boolean_009.java,1,1,0,0,1,0,0,0,3,0,3,0,0,0,0,3,11,11,0,0,0,0,11
./data/mozilla_js_tests/src/com/netscape/javascript/qa/lc3/bool/Boolean_011.java,1,1,0,0,1,0,0,0,2,0,2,0,0,0,0,2,11,11,0,0,0,0,11
./data/mozilla_js_tests/src/com/netscape/javascript/qa/lc3/bool/Boolean_007.java,1,1,0,0,1,0,0,0,5,0,5,0,0,0,0,5,11,11,0,0,0,0,11
./data/mozilla_js_tests/src/com/netscape/javascript/qa/lc3/bool/Boolean_003.java,1,1,0,0,1,0,0,0,10,0,10,0,0,0,0,10,11,11,0,0,0,0,11
./data/mozilla_js_tests/src/com/netscape/javascript/qa/lc3/bool/Boolean_001.java,1,1,0,0,1,0,0,0,12,0,12,0,0,0,0,12,11,11,0,0,0,0,11
./data/mozilla_js_tests/src/com/netscape/javascript/qa/lc3/bool/Boolean_002.java,1,1,0,0,1,0,0,0,11,0,11,0,0,0,0,11,11,11,0,0,0,0,11
./data/mozilla_js_tests/src/com/netscape/javascript/qa/lc3/bool/Boolean_004.java,1,1,0,0,1,0,0,0,9,0,9,0,0,0,0,9,11,11,0,0,0,0,11
./data/mozilla_js_tests/src/com/netscape/javascript/qa/lc3/bool/Boolean_005.java,1,1,0,0,1,0,0,0,7,0,7,0,0,0,0,7,11,11,0,0,0,0,11
./data/mozilla_js_tests/src/com/netscape/javascript/qa/lc3/bool/Boolean_010.java,1,1,0,0,1,0,0,0,2,0,2,0,0,0,0,2,11,11,0,0,0,0,11
./skia/tools/clusterfuzz-data/fuzzers/amtinits_glsl_grammar/org/antlr/tool/RandomPhrase.java,1,1,0,0,1,0,0,0,3,0,1,2,0,0,3,0,3,2,1,0,0,3,0
./android_webview/javatests/src/org/chromium/android_webview/test/WebViewAsynchronousFindApisTest.java,1,1,0,0,1,0,0,0,15,14,15,0,0,0,0,15,0,0,0,0,0,0,0
./android_webview/javatests/src/org/chromium/android_webview/test/AwContentsClientVisitedHistoryTest.java,4,4,0,0,3,0,0,1,13,3,13,0,0,0,0,13,7,0,0,2,5,0,7
./android_webview/javatests/src/org/chromium/android_webview/test/AwLayoutSizerTest.java,2,2,0,0,1,0,1,0,13,11,13,0,0,0,0,13,13,4,0,0,9,9,4
./android_webview/javatests/src/org/chromium/android_webview/test/AndroidViewIntegrationTest.java,3,3,0,0,1,0,0,2,24,5,16,1,0,7,0,24,6,0,0,2,4,0,6
./android_webview/javatests/src/org/chromium/android_webview/test/AwContentsTest.java,3,3,0,0,2,0,0,1,26,10,25,0,0,1,0,26,9,0,0,5,4,2,7
./android_webview/javatests/src/org/chromium/android_webview/test/AwContentsClientFullScreenVideoTest.java,1,1,0,0,1,0,0,0,1,1,1,0,0,0,0,1,0,0,0,0,0,0,0
./android_webview/javatests/src/org/chromium/android_webview/test/AwContentsClientGetDefaultVideoPosterTest.java,2,2,0,0,1,0,0,1,6,3,6,0,0,0,0,6,4,0,0,0,4,1,3
./android_webview/javatests/src/org/chromium/android_webview/test/AndroidScrollIntegrationTest.java,2,2,0,0,1,0,0,1,23,4,15,1,0,7,0,23,4,1,0,0,3,1,3
./android_webview/javatests/src/org/chromium/android_webview/test/ArchiveTest.java,1,1,0,0,1,0,0,0,8,4,6,1,0,1,0,8,4,0,0,0,4,2,2
./android_webview/javatests/src/org/chromium/android_webview/test/AwTargetDensityDpiTest.java,1,1,0,0,1,0,0,0,1,1,1,0,0,0,0,1,0,0,0,0,0,0,0
./android_webview/javatests/src/org/chromium/android_webview/test/AwContentsClientAutoLoginTest.java,3,3,0,0,2,0,0,1,10,3,9,0,0,1,0,10,5,0,0,3,2,0,5
./android_webview/javatests/src/org/chromium/android_webview/test/AwContentsClientShouldOverrideUrlLoadingTest.java,3,3,0,0,2,0,0,1,56,24,38,2,4,12,0,56,11,0,0,0,11,6,5
./android_webview/javatests/src/org/chromium/android_webview/test/ClearHistoryTest.java,1,1,0,0,1,0,0,0,1,1,1,0,0,0,0,1,1,0,0,0,1,1,0
./android_webview/javatests/src/org/chromium/android_webview/test/ContentViewMiscTest.java,1,1,0,0,1,0,0,0,9,3,9,0,0,0,0,9,3,0,0,0,3,0,3
./android_webview/javatests/src/org/chromium/android_webview/test/WebViewModalDialogOverrideTest.java,1,1,0,0,1,0,0,0,10,5,10,0,0,0,0,10,2,0,0,0,2,2,0
./android_webview/javatests/src/org/chromium/android_webview/test/NavigationHistoryTest.java,1,1,0,0,1,0,0,0,18,5,11,0,0,7,0,18,13,0,0,0,13,10,3
./android_webview/javatests/src/org/chromium/android_webview/test/AwZoomTest.java,1,1,0,0,1,0,0,0,32,6,18,0,0,14,0,32,4,0,0,0,4,2,2
./android_webview/javatests/src/org/chromium/android_webview/test/SaveRestoreStateTest.java,2,2,0,0,1,0,0,1,16,4,11,0,0,5,0,16,10,4,0,0,6,3,7
./android_webview/javatests/src/org/chromium/android_webview/test/CookieManagerTest.java,1,1,0,0,1,0,0,0,14,4,10,1,0,3,0,14,3,0,0,0,3,0,3
./android_webview/javatests/src/org/chromium/android_webview/test/AwQuotaManagerBridgeTest.java,3,3,0,0,1,0,0,2,30,3,23,0,0,7,0,30,7,0,0,0,7,0,7
./android_webview/javatests/src/org/chromium/android_webview/test/GetTitleTest.java,2,2,0,0,1,0,0,1,11,7,8,0,0,3,1,10,8,2,0,0,6,4,4
./android_webview/javatests/src/org/chromium/android_webview/test/HttpAuthDatabaseTest.java,1,1,0,0,1,0,0,0,3,1,1,2,0,0,0,3,1,0,0,0,1,1,0
./android_webview/javatests/src/org/chromium/android_webview/test/AwContentsClientOnScaleChangedTest.java,1,1,0,0,1,0,0,0,3,1,1,2,0,0,0,3,2,0,0,0,2,0,2
./android_webview/javatests/src/org/chromium/android_webview/test/LoadUrlTest.java,1,1,0,0,1,0,0,0,6,4,5,1,0,0,0,6,0,0,0,0,0,0,0
./android_webview/javatests/src/org/chromium/android_webview/test/ClientOnReceivedErrorTest.java,1,1,0,0,1,0,0,0,7,6,7,0,0,0,0,7,2,0,0,0,2,0,2
./android_webview/javatests/src/org/chromium/android_webview/test/ClientOnPageFinishedTest.java,1,1,0,0,1,0,0,0,4,3,4,0,0,0,0,4,2,0,0,0,2,0,2
./android_webview/javatests/src/org/chromium/android_webview/test/ClientAddMessageToConsoleTest.java,1,1,0,0,1,0,0,0,6,3,5,0,0,1,1,5,5,0,0,0,5,3,2
./android_webview/javatests/src/org/chromium/android_webview/test/LoadDataWithBaseUrlTest.java,1,1,0,0,1,0,0,0,17,9,12,2,0,3,0,17,7,0,0,0,7,4,3
./android_webview/javatests/src/org/chromium/android_webview/test/WebKitHitTestTest.java,1,1,0,0,1,0,0,0,44,21,29,0,0,15,1,43,6,0,0,0,6,2,4
./android_webview/javatests/src/org/chromium/android_webview/test/UserAgentTest.java,1,1,0,0,1,0,0,0,2,1,2,0,0,0,0,2,2,0,0,0,2,0,2
./android_webview/javatests/src/org/chromium/android_webview/test/AwContentsClientGetVideoLoadingProgressViewTest.java,1,1,0,0,1,0,0,0,5,1,3,1,0,1,0,5,1,0,0,0,1,0,1
./android_webview/javatests/src/org/chromium/android_webview/test/TestAwContentsClient.java,3,3,0,0,2,0,1,0,20,0,19,0,1,0,0,20,13,0,0,0,13,0,13
./android_webview/javatests/src/org/chromium/android_webview/test/WebViewFindApisTestBase.java,3,2,1,0,1,0,0,2,16,0,9,6,0,1,0,16,5,0,0,0,5,1,4
./android_webview/javatests/src/org/chromium/android_webview/test/AwContentsClientFaviconTest.java,5,5,0,0,1,0,0,4,10,3,7,2,0,1,0,10,16,0,0,1,15,10,6
./android_webview/javatests/src/org/chromium/android_webview/test/AwContentsClientShouldInterceptRequestTest.java,5,5,0,0,3,0,0,2,42,19,33,2,1,6,0,42,10,0,0,0,10,0,10
./android_webview/javatests/src/org/chromium/android_webview/test/AwContentsClientOnFormResubmissionTest.java,2,2,0,0,1,0,0,1,9,2,8,1,0,0,0,9,8,0,0,0,8,3,5
./android_webview/javatests/src/org/chromium/android_webview/test/AwTestBase.java,3,3,0,0,2,0,1,0,37,0,16,21,0,0,0,37,4,0,1,1,2,2,2
./android_webview/javatests/src/org/chromium/android_webview/test/AwSettingsTest.java,28,28,0,0,1,0,27,0,220,51,62,124,13,21,0,220,58,0,4,0,54,27,31
./android_webview/javatests/src/org/chromium/android_webview/test/FullScreenVideoTestAwContentsClient.java,1,1,0,0,1,0,0,0,4,0,4,0,0,0,0,4,4,1,0,0,3,1,3
./android_webview/javatests/src/org/chromium/android_webview/test/util/JSUtils.java,1,1,0,0,1,0,0,0,5,0,5,0,0,0,2,3,2,0,0,0,2,2,0
./android_webview/javatests/src/org/chromium/android_webview/test/util/ImagePageGenerator.java,1,1,0,0,1,0,0,0,3,0,3,0,0,0,0,3,7,2,0,0,5,5,2
./android_webview/javatests/src/org/chromium/android_webview/test/util/CommonResources.java,1,1,0,0,1,0,0,0,6,0,6,0,0,0,6,0,6,6,0,0,0,6,0
./android_webview/javatests/src/org/chromium/android_webview/test/util/JavascriptEventObserver.java,1,1,0,0,1,0,0,0,4,0,4,0,0,0,0,4,2,0,0,0,2,0,2
./android_webview/javatests/src/org/chromium/android_webview/test/util/VideoTestWebServer.java,1,1,0,0,1,0,0,0,7,0,3,0,0,4,2,5,5,2,0,0,3,2,3
./android_webview/javatests/src/org/chromium/android_webview/test/util/AwTestTouchUtils.java,1,1,0,0,1,0,0,0,6,0,2,0,0,4,5,1,0,0,0,0,0,0,0
./android_webview/test/shell/src/org/chromium/android_webview/test/TestContentProvider.java,3,2,0,1,1,0,0,2,23,0,20,0,0,3,5,18,9,0,0,0,9,7,2
./android_webview/test/shell/src/org/chromium/android_webview/test/NullContentsClient.java,1,1,0,0,1,0,0,0,36,0,35,1,0,0,0,36,0,0,0,0,0,0,0
./android_webview/test/shell/src/org/chromium/android_webview/test/AwTestRunnerActivity.java,1,1,0,0,1,0,0,0,4,0,4,0,0,0,0,4,1,0,0,0,1,0,1
./android_webview/test/shell/src/org/chromium/android_webview/test/AwTestContainerView.java,2,2,0,0,1,0,0,1,30,0,30,0,0,0,0,30,2,0,0,0,2,0,2
./android_webview/test/shell/src/org/chromium/android_webview/shell/AwShellActivity.java,1,1,0,0,1,0,0,0,11,0,6,0,0,5,1,10,7,0,0,0,7,2,5
./android_webview/test/shell/src/org/chromium/android_webview/shell/AwShellResourceProvider.java,1,1,0,0,1,0,0,0,1,0,1,0,0,0,1,0,1,0,0,0,1,1,0
./android_webview/test/shell/src/org/chromium/android_webview/shell/AwShellApplication.java,1,1,0,0,1,0,0,0,1,0,1,0,0,0,0,1,2,0,0,0,2,2,0
./android_webview/unittestjava/src/org/chromium/android_webview/unittest/InputStreamUnittest.java,1,1,0,0,0,0,1,0,4,0,2,0,2,0,2,2,1,0,0,0,1,0,1
./android_webview/java/src/org/chromium/android_webview/DefaultVideoPosterRequestHandler.java,1,1,0,0,1,0,0,0,7,0,4,0,0,3,3,4,3,0,0,0,3,1,2
./android_webview/java/src/org/chromium/android_webview/AwSettings.java,5,3,1,1,2,0,2,1,141,0,89,0,3,49,2,139,56,0,0,0,56,7,49
./android_webview/java/src/org/chromium/android_webview/AwZoomControls.java,2,2,0,0,0,0,1,1,7,0,5,0,1,1,0,7,2,0,0,0,2,0,2
./android_webview/java/src/org/chromium/android_webview/AwContentsIoThreadClient.java,1,0,1,0,1,0,0,0,7,0,7,0,0,0,0,7,0,0,0,0,0,0,0
./android_webview/java/src/org/chromium/android_webview/AndroidProtocolHandler.java,1,1,0,0,1,0,0,0,13,0,3,0,0,10,13,0,3,0,0,0,3,3,0
./android_webview/java/src/org/chromium/android_webview/AwAutofillManagerDelegate.java,1,1,0,0,1,0,0,0,13,0,8,0,0,5,3,10,5,0,0,0,5,0,5
./android_webview/java/src/org/chromium/android_webview/HttpAuthDatabase.java,1,1,0,0,1,0,0,0,9,0,5,0,0,4,0,9,11,0,0,0,11,9,2
./android_webview/java/src/org/chromium/android_webview/AwContents.java,11,10,1,0,3,0,0,8,183,0,119,2,3,59,14,169,42,6,0,0,36,4,38
./android_webview/java/src/org/chromium/android_webview/AwWebContentsDelegate.java,1,1,0,0,1,0,0,0,4,0,4,0,0,0,0,4,0,0,0,0,0,0,0
./android_webview/java/src/org/chromium/android_webview/AwResource.java,1,1,0,0,1,0,0,0,6,0,4,0,0,2,6,0,7,3,0,0,4,7,0
./android_webview/java/src/org/chromium/android_webview/JsPromptResultReceiver.java,1,0,1,0,1,0,0,0,2,0,2,0,0,0,0,2,0,0,0,0,0,0,0
./android_webview/java/src/org/chromium/android_webview/AwWebContentsDelegateAdapter.java,2,1,1,0,1,0,1,0,13,0,12,0,1,0,0,13,3,0,0,2,1,1,2
./android_webview/java/src/org/chromium/android_webview/JsResultReceiver.java,1,0,1,0,1,0,0,0,2,0,2,0,0,0,0,2,0,0,0,0,0,0,0
./android_webview/java/src/org/chromium/android_webview/AwCookieManager.java,1,1,0,0,1,0,0,0,22,0,11,0,0,11,0,22,0,0,0,0,0,0,0
./android_webview/java/src/org/chromium/android_webview/ErrorCodeConversionHelper.java,1,1,0,0,1,0,0,0,1,0,0,0,1,0,1,0,16,16,0,0,0,16,0
./android_webview/java/src/org/chromium/android_webview/AwContentsClientBridge.java,1,1,0,0,1,0,0,0,13,0,1,0,2,10,0,13,2,0,0,0,2,0,2
./android_webview/java/src/org/chromium/android_webview/AwFormDatabase.java,1,1,0,0,1,0,0,0,4,0,2,0,0,2,4,0,0,0,0,0,0,0,0
./android_webview/java/src/org/chromium/android_webview/AwContentsClient.java,4,4,0,0,1,0,1,2,55,0,43,8,4,0,0,55,5,0,0,0,5,1,4
./android_webview/java/src/org/chromium/android_webview/AwHttpAuthHandler.java,1,1,0,0,1,0,0,0,7,0,4,0,1,2,1,6,2,0,0,0,2,0,2
./android_webview/java/src/org/chromium/android_webview/InterceptedRequestData.java,1,1,0,0,1,0,0,0,3,0,3,0,0,0,0,3,3,0,0,0,3,0,3
./android_webview/java/src/org/chromium/android_webview/AwBrowserContext.java,1,1,0,0,1,0,0,0,6,0,6,0,0,0,0,6,6,0,0,0,6,1,5
./android_webview/java/src/org/chromium/android_webview/AwScrollOffsetManager.java,2,1,1,0,1,0,1,0,7,0,2,0,4,1,0,7,3,0,0,3,0,0,3
./android_webview/java/src/org/chromium/android_webview/JavaBrowserViewRendererHelper.java,1,1,0,0,1,0,0,0,3,0,0,0,0,3,3,0,1,0,0,0,1,1,0
./android_webview/java/src/org/chromium/android_webview/AwGeolocationPermissions.java,1,1,0,0,1,0,0,0,11,0,10,0,0,1,0,11,2,0,0,0,2,1,1
./android_webview/java/src/org/chromium/android_webview/SslUtil.java,1,1,0,0,1,0,0,0,2,0,2,0,0,0,2,0,1,0,0,0,1,1,0
./android_webview/java/src/org/chromium/android_webview/AwLayoutSizer.java,2,1,1,0,2,0,0,0,12,0,9,0,2,1,0,12,9,0,0,0,9,0,9
./android_webview/java/src/org/chromium/android_webview/AwBrowserProcess.java,1,1,0,0,1,0,0,0,3,0,3,0,0,0,2,1,1,0,0,0,1,1,0
./android_webview/java/src/org/chromium/android_webview/AwQuotaManagerBridge.java,2,2,0,0,2,0,0,0,15,0,6,0,0,9,2,13,9,3,0,0,6,1,8
./android_webview/java/src/org/chromium/android_webview/JsResultHandler.java,1,1,0,0,0,0,1,0,5,0,5,0,0,0,0,5,2,0,0,0,2,0,2
./android_webview/java/src/org/chromium/android_webview/AwContentsClientCallbackHelper.java,4,4,0,0,0,0,1,3,6,0,6,0,0,0,0,6,18,0,0,11,7,5,13
./android_webview/java/generated_src/org/chromium/content/app/NativeLibraries.java,1,1,0,0,1,0,0,0,0,0,0,0,0,0,0,0,1,0,0,1,0,1,0
./base/test/android/javatests/src/org/chromium/base/test/util/UrlUtils.java,1,1,0,0,1,0,0,0,2,0,2,0,0,0,2,0,1,0,0,0,1,1,0
./base/test/android/javatests/src/org/chromium/base/test/util/TestFileUtil.java,1,1,0,0,1,0,0,0,3,0,3,0,0,0,3,0,0,0,0,0,0,0,0
./base/test/android/javatests/src/org/chromium/base/test/util/TimeoutScale.java,1,0,0,0,1,0,0,0,0,0,0,0,0,0,0,0,0,0,0,0,0,0,0
./base/test/android/javatests/src/org/chromium/base/test/util/InstrumentationUtils.java,1,1,0,0,1,0,0,0,1,0,1,0,0,0,1,0,0,0,0,0,0,0,0
./base/test/android/javatests/src/org/chromium/base/test/util/AdvancedMockContext.java,2,2,0,0,2,0,0,0,12,0,12,0,0,0,1,11,4,0,0,0,4,0,4
./base/test/android/javatests/src/org/chromium/base/test/util/Feature.java,1,0,0,0,1,0,0,0,0,0,0,0,0,0,0,0,0,0,0,0,0,0,0
./base/test/android/javatests/src/org/chromium/base/test/util/PhoneOnly.java,1,0,0,0,1,0,0,0,0,0,0,0,0,0,0,0,0,0,0,0,0,0,0
./base/test/android/javatests/src/org/chromium/base/test/util/InMemorySharedPreferences.java,2,2,0,0,1,0,0,1,21,0,21,0,0,0,0,21,4,0,0,0,4,0,4
./base/test/android/javatests/src/org/chromium/base/test/util/TabletOnly.java,1,0,0,0,1,0,0,0,0,0,0,0,0,0,0,0,0,0,0,0,0,0,0
./base/test/android/javatests/src/org/chromium/base/test/util/ScalableTimeout.java,1,1,0,0,1,0,0,0,1,0,1,0,0,0,1,0,2,0,0,0,2,2,0
./base/test/android/javatests/src/org/chromium/base/test/util/TestThread.java,1,1,0,0,1,0,0,0,7,0,6,0,0,1,0,7,4,0,0,0,4,0,4
./base/test/android/javatests/src/org/chromium/base/test/util/DisabledTest.java,1,0,0,0,1,0,0,0,0,0,0,0,0,0,0,0,0,0,0,0,0,0,0
./base/test/android/javatests/src/org/chromium/base/test/util/EnormousTest.java,1,0,0,0,1,0,0,0,0,0,0,0,0,0,0,0,0,0,0,0,0,0,0
./base/android/javatests/src/org/chromium/base/ContextTypesTest.java,1,1,0,0,1,0,0,0,3,3,3,0,0,0,0,3,0,0,0,0,0,0,0
./base/android/javatests/src/org/chromium/base/ObserverListTest.java,5,4,1,0,1,0,1,3,8,3,6,0,1,1,1,7,6,0,0,0,6,0,6
./base/android/jni_generator/java/src/org/chromium/example/jni_generator/SampleForTests.java,3,3,0,0,0,0,3,0,23,0,5,0,5,13,3,20,10,0,0,2,8,0,10
./base/android/java/src/org/chromium/base/BuildInfo.java,1,1,0,0,1,0,0,0,10,0,10,0,0,0,10,0,2,0,0,0,2,2,0
./base/android/java/src/org/chromium/base/SysUtils.java,1,1,0,0,1,0,0,0,2,0,1,0,0,1,2,0,1,0,0,0,1,1,0
./base/android/java/src/org/chromium/base/SystemMessageHandler.java,1,1,0,0,0,0,1,0,7,0,1,0,0,6,1,6,6,0,0,0,6,2,4
./base/android/java/src/org/chromium/base/PathUtils.java,1,1,0,0,1,0,0,0,7,0,5,0,0,2,7,0,3,0,0,0,3,3,0
./base/android/java/src/org/chromium/base/ImportantFileWriterAndroid.java,1,1,0,0,1,0,0,0,2,0,1,0,0,1,2,0,0,0,0,0,0,0,0
./base/android/java/src/org/chromium/base/CpuFeatures.java,1,1,0,0,1,0,0,0,4,0,2,0,0,2,4,0,0,0,0,0,0,0,0
./base/android/java/src/org/chromium/base/ApiCompatibilityUtils.java,1,1,0,0,1,0,0,0,9,0,9,0,0,0,9,0,0,0,0,0,0,0,0
./base/android/java/src/org/chromium/base/PowerStatusReceiver.java,1,1,0,0,1,0,0,0,1,0,1,0,0,0,0,1,0,0,0,0,0,0,0
./base/android/java/src/org/chromium/base/PowerMonitor.java,2,2,0,0,1,0,0,1,9,0,5,0,0,4,7,2,6,0,0,0,6,4,2
./base/android/java/src/org/chromium/base/AccessedByNative.java,1,0,0,0,1,0,0,0,0,0,0,0,0,0,0,0,0,0,0,0,0,0,0
./base/android/java/src/org/chromium/base/JNINamespace.java,1,0,0,0,1,0,0,0,0,0,0,0,0,0,0,0,0,0,0,0,0,0,0
./base/android/java/src/org/chromium/base/ChromiumActivity.java,1,1,0,0,1,0,0,0,6,0,0,6,0,0,0,6,0,0,0,0,0,0,0
./base/android/java/src/org/chromium/base/PathService.java,1,1,0,0,1,0,0,0,2,0,1,0,0,1,2,0,1,1,0,0,0,1,0
./base/android/java/src/org/chromium/base/ThreadUtils.java,2,2,0,0,1,0,0,1,11,0,11,0,0,0,11,0,1,0,0,0,1,1,0
./base/android/java/src/org/chromium/base/NativeClassQualifiedName.java,1,0,0,0,1,0,0,0,0,0,0,0,0,0,0,0,0,0,0,0,0,0,0
./base/android/java/src/org/chromium/base/CalledByNative.java,1,0,0,0,1,0,0,0,0,0,0,0,0,0,0,0,0,0,0,0,0,0,0
./base/android/java/src/org/chromium/base/ObserverList.java,2,2,0,0,1,0,0,1,14,0,8,0,0,6,0,14,5,1,0,0,4,0,5
./base/android/java/src/org/chromium/base/WeakContext.java,1,1,0,0,1,0,0,0,4,0,4,0,0,0,3,1,1,0,0,0,1,1,0
./base/android/java/src/org/chromium/base/ContextTypes.java,2,2,0,0,1,0,0,1,6,0,6,0,0,0,2,4,4,2,0,0,2,3,1
./base/android/java/src/org/chromium/base/CalledByNativeUnchecked.java,1,0,0,0,1,0,0,0,0,0,0,0,0,0,0,0,0,0,0,0,0,0,0
./base/android/java/src/org/chromium/base/ActivityStatus.java,2,1,1,0,2,0,0,0,11,0,9,0,0,2,8,3,9,6,0,0,3,9,0
./base/android/java/src/org/chromium/base/MemoryPressureListener.java,1,1,0,0,1,0,0,0,7,0,4,0,0,3,4,3,0,0,0,0,0,0,0
./out/Official/gen/ui/android/ui_android_unittests_apk__build_config_java/java_cpp_template/org/chromium/base/BuildConfig.java,1,1,0,0,1,0,0,0,1,0,1,0,0,0,1,0,3,3,0,0,0,3,0
./out/Official/gen/ui/gl/gl_unittests_apk__build_config_java/java_cpp_template/org/chromium/base/BuildConfig.java,1,1,0,0,1,0,0,0,1,0,1,0,0,0,1,0,3,3,0,0,0,3,0
./out/Official/gen/ui/events/events_unittests_apk__build_config_java/java_cpp_template/org/chromium/base/BuildConfig.java,1,1,0,0,1,0,0,0,1,0,1,0,0,0,1,0,3,3,0,0,0,3,0
./out/Official/gen/ui/touch_selection/ui_touch_selection_unittests_apk__build_config_java/java_cpp_template/org/chromium/base/BuildConfig.java,1,1,0,0,1,0,0,0,1,0,1,0,0,0,1,0,3,3,0,0,0,3,0
./out/Official/gen/ui/base/ui_base_unittests_apk__build_config_java/java_cpp_template/org/chromium/base/BuildConfig.java,1,1,0,0,1,0,0,0,1,0,1,0,0,0,1,0,3,3,0,0,0,3,0
./out/Official/gen/clank/android_webview/system_webview_google_apk__build_config_java/java_cpp_template/org/chromium/base/BuildConfig.java,1,1,0,0,1,0,0,0,1,0,1,0,0,0,1,0,3,3,0,0,0,3,0
./out/Official/gen/clank/android_webview/system_webview_apk__build_config_java/java_cpp_template/org/chromium/base/BuildConfig.java,1,1,0,0,1,0,0,0,1,0,1,0,0,0,1,0,3,3,0,0,0,3,0
./out/Official/gen/clank/android_webview/system_webview_google_apk__native_libraries_java/java_cpp_template/org/chromium/base/library_loader/NativeLibraries.java,1,1,0,0,1,0,0,0,0,0,0,0,0,0,0,0,5,4,0,1,0,5,0
./out/Official/gen/clank/android_webview/system_webview_apk__native_libraries_java/java_cpp_template/org/chromium/base/library_loader/NativeLibraries.java,1,1,0,0,1,0,0,0,0,0,0,0,0,0,0,0,5,4,0,1,0,5,0
./out/Official/gen/clank/java/chrome_modern_apk__native_libraries_java/java_cpp_template/org/chromium/base/library_loader/NativeLibraries.java,1,1,0,0,1,0,0,0,0,0,0,0,0,0,0,0,5,4,0,1,0,5,0
./out/Official/gen/clank/java/chrome_apk__build_config_java/java_cpp_template/org/chromium/base/BuildConfig.java,1,1,0,0,1,0,0,0,1,0,1,0,0,0,1,0,3,3,0,0,0,3,0
./out/Official/gen/clank/java/monochrome_apk__native_libraries_java/java_cpp_template/org/chromium/base/library_loader/NativeLibraries.java,1,1,0,0,1,0,0,0,0,0,0,0,0,0,0,0,5,4,0,1,0,5,0
./out/Official/gen/clank/java/monochrome_apk__build_config_java/java_cpp_template/org/chromium/base/BuildConfig.java,1,1,0,0,1,0,0,0,1,0,1,0,0,0,1,0,3,3,0,0,0,3,0
./out/Official/gen/clank/java/chrome_modern_apk__build_config_java/java_cpp_template/org/chromium/base/BuildConfig.java,1,1,0,0,1,0,0,0,1,0,1,0,0,0,1,0,3,3,0,0,0,3,0
./out/Official/gen/clank/java/chrome_apk__native_libraries_java/java_cpp_template/org/chromium/base/library_loader/NativeLibraries.java,1,1,0,0,1,0,0,0,0,0,0,0,0,0,0,0,5,4,0,1,0,5,0
./out/Official/gen/gpu/gpu_unittests_apk__build_config_java/java_cpp_template/org/chromium/base/BuildConfig.java,1,1,0,0,1,0,0,0,1,0,1,0,0,0,1,0,3,3,0,0,0,3,0
./out/Official/gen/gpu/gl_tests_apk__build_config_java/java_cpp_template/org/chromium/base/BuildConfig.java,1,1,0,0,1,0,0,0,1,0,1,0,0,0,1,0,3,3,0,0,0,3,0
./out/Official/gen/components/dom_distiller/core/android/dom_distiller_core_theme_javagen/java_cpp_template/org/chromium/components/dom_distiller/core/Theme.java,1,0,0,1,1,0,0,0,2,0,0,0,2,0,1,1,1,0,0,0,1,0,1
./out/Official/gen/components/dom_distiller/core/android/dom_distiller_core_font_family_javagen/java_cpp_template/org/chromium/components/dom_distiller/core/FontFamily.java,1,0,0,1,1,0,0,0,2,0,1,0,1,0,1,1,1,0,0,0,1,0,1
./out/Official/gen/chrome/test/android/chrome_public_test_support/chrome_public_test_support_apk__build_config_java/java_cpp_template/org/chromium/base/BuildConfig.java,1,1,0,0,1,0,0,0,1,0,1,0,0,0,1,0,3,3,0,0,0,3,0
./out/Official/gen/chrome/android/chrome_public_apk__native_libraries_java/java_cpp_template/org/chromium/base/library_loader/NativeLibraries.java,1,1,0,0,1,0,0,0,0,0,0,0,0,0,0,0,5,4,0,1,0,5,0
./out/Official/gen/chrome/android/chrome_public_apk__build_config_java/java_cpp_template/org/chromium/base/BuildConfig.java,1,1,0,0,1,0,0,0,1,0,1,0,0,0,1,0,3,3,0,0,0,3,0
./out/Official/gen/chrome/android/webapk/libs/runtime_library/javatests/apk_with_webapk_service/apk_with_webapk_service__build_config_java/java_cpp_template/org/chromium/base/BuildConfig.java,1,1,0,0,1,0,0,0,1,0,1,0,0,0,1,0,3,3,0,0,0,3,0
./out/Official/gen/chrome/android/webapk/libs/client/runtime_library_version_java/java_cpp_template/org/chromium/webapk/lib/client/WebApkVersion.java,1,1,0,0,1,0,0,0,0,0,0,0,0,0,0,0,2,2,0,0,0,2,0
./out/Official/gen/chrome/android/webapk/shell_apk/javatests/dex_optimizer/dex_optimizer_apk__build_config_java/java_cpp_template/org/chromium/base/BuildConfig.java,1,1,0,0,1,0,0,0,1,0,1,0,0,0,1,0,3,3,0,0,0,3,0
./out/Official/gen/chrome/android/webapk/shell_apk/webapk_javatests__build_config_java/java_cpp_template/org/chromium/base/BuildConfig.java,1,1,0,0,1,0,0,0,1,0,1,0,0,0,1,0,3,3,0,0,0,3,0
./out/Official/gen/chrome/android/webapk/shell_apk/webapk__build_config_java/java_cpp_template/org/chromium/base/BuildConfig.java,1,1,0,0,1,0,0,0,1,0,1,0,0,0,1,0,3,3,0,0,0,3,0
./out/Official/gen/chrome/android/resource_id_javagen/java_cpp_template/org/chromium/chrome/browser/ResourceId.java,1,1,0,0,1,0,0,0,1,0,1,0,0,0,1,0,0,0,0,0,0,0,0
./out/Official/gen/ipc/ipc_tests_apk__build_config_java/java_cpp_template/org/chromium/base/BuildConfig.java,1,1,0,0,1,0,0,0,1,0,1,0,0,0,1,0,3,3,0,0,0,3,0
./out/Official/gen/media/midi/midi_unittests_apk__build_config_java/java_cpp_template/org/chromium/base/BuildConfig.java,1,1,0,0,1,0,0,0,1,0,1,0,0,0,1,0,3,3,0,0,0,3,0
./out/Official/gen/media/media_unittests_apk__build_config_java/java_cpp_template/org/chromium/base/BuildConfig.java,1,1,0,0,1,0,0,0,1,0,1,0,0,0,1,0,3,3,0,0,0,3,0
./out/Official/gen/remoting/android/internal/remoting_google_apk__native_libraries_java/java_cpp_template/org/chromium/base/library_loader/NativeLibraries.java,1,1,0,0,1,0,0,0,0,0,0,0,0,0,0,0,5,4,0,1,0,5,0
./out/Official/gen/remoting/android/internal/remoting_google_apk__build_config_java/java_cpp_template/org/chromium/base/BuildConfig.java,1,1,0,0,1,0,0,0,1,0,1,0,0,0,1,0,3,3,0,0,0,3,0
./out/Official/gen/net/android/net_test_support_apk__native_libraries_java/java_cpp_template/org/chromium/base/library_loader/NativeLibraries.java,1,1,0,0,1,0,0,0,0,0,0,0,0,0,0,0,5,4,0,1,0,5,0
./out/Official/gen/net/android/net_test_support_apk__build_config_java/java_cpp_template/org/chromium/base/BuildConfig.java,1,1,0,0,1,0,0,0,1,0,1,0,0,0,1,0,3,3,0,0,0,3,0
./out/Official/gen/net/android/net_errors_java/java_cpp_template/org/chromium/net/NetError.java,1,1,0,0,1,0,0,0,0,0,0,0,0,0,0,0,209,209,0,0,0,209,0
./out/Official/gen/net/net_unittests_apk__build_config_java/java_cpp_template/org/chromium/base/BuildConfig.java,1,1,0,0,1,0,0,0,1,0,1,0,0,0,1,0,3,3,0,0,0,3,0
./out/Official/gen/skia/skia_unittests_apk__build_config_java/java_cpp_template/org/chromium/base/BuildConfig.java,1,1,0,0,1,0,0,0,1,0,1,0,0,0,1,0,3,3,0,0,0,3,0
./out/Official/gen/cc/cc_unittests_apk__build_config_java/java_cpp_template/org/chromium/base/BuildConfig.java,1,1,0,0,1,0,0,0,1,0,1,0,0,0,1,0,3,3,0,0,0,3,0
./out/Official/gen/base/base_native_libraries_gen/java_cpp_template/org/chromium/base/library_loader/NativeLibraries.java,1,1,0,0,1,0,0,0,0,0,0,0,0,0,0,0,5,4,0,1,0,5,0
./out/Official/gen/base/base_unittests_apk__build_config_java/java_cpp_template/org/chromium/base/BuildConfig.java,1,1,0,0,1,0,0,0,1,0,1,0,0,0,1,0,3,3,0,0,0,3,0
./out/Official/gen/base/base_build_config_gen/java_cpp_template/org/chromium/base/BuildConfig.java,1,1,0,0,1,0,0,0,1,0,1,0,0,0,1,0,3,3,0,0,0,3,0
./out/Official/gen/templates/chrome_version_java/org/chromium/chrome/browser/ChromeVersionConstants.java,1,1,0,0,0,0,1,0,0,0,0,0,0,0,0,0,11,0,0,11,0,11,0
./out/Official/gen/sql/sql_unittests_apk__build_config_java/java_cpp_template/org/chromium/base/BuildConfig.java,1,1,0,0,1,0,0,0,1,0,1,0,0,0,1,0,3,3,0,0,0,3,0
./out/Debug/gen/components/cronet/android/cronet_test_apk__native_libraries_java/java_cpp_template/org/chromium/base/library_loader/NativeLibraries.java,1,1,0,0,1,0,0,0,0,0,0,0,0,0,0,0,5,4,0,1,0,5,0
./out/Debug/gen/components/cronet/android/cronet_test_apk__build_config_java/java_cpp_template/org/chromium/base/BuildConfig.java,1,1,0,0,1,0,0,0,1,0,1,0,0,0,1,0,3,3,0,0,0,3,0
./out/Debug/gen/components/cronet/android/load_states_list/java_cpp_template/org/chromium/net/impl/LoadState.java,1,0,1,0,1,0,0,0,0,0,0,0,0,0,0,0,17,17,0,0,0,17,0
./out/Debug/gen/components/cronet/android/templates/cronet_api_version_java/org/chromium/net/ApiVersion.java,1,1,0,0,1,0,0,0,5,0,5,0,0,0,5,0,4,0,0,0,4,4,0
./out/Debug/gen/components/cronet/android/templates/cronet_impl_version_java/org/chromium/net/impl/ImplVersion.java,1,1,0,0,1,0,0,0,4,0,4,0,0,0,4,0,3,0,0,0,3,3,0
./out/Debug/gen/net/android/net_test_support_apk__native_libraries_java/java_cpp_template/org/chromium/base/library_loader/NativeLibraries.java,1,1,0,0,1,0,0,0,0,0,0,0,0,0,0,0,5,4,0,1,0,5,0
./out/Debug/gen/net/android/net_test_support_apk__build_config_java/java_cpp_template/org/chromium/base/BuildConfig.java,1,1,0,0,1,0,0,0,1,0,1,0,0,0,1,0,3,3,0,0,0,3,0
./out/Debug/gen/net/android/net_errors_java/java_cpp_template/org/chromium/net/NetError.java,1,1,0,0,1,0,0,0,0,0,0,0,0,0,0,0,209,209,0,0,0,209,0
./out/Debug/gen/android_webview/tools/automated_ui_tests/webview_ui_test_app_apk__build_config_java/java_cpp_template/org/chromium/base/BuildConfig.java,1,1,0,0,1,0,0,0,1,0,1,0,0,0,1,0,3,3,0,0,0,3,0
./out/Debug/gen/base/base_native_libraries_gen/java_cpp_template/org/chromium/base/library_loader/NativeLibraries.java,1,1,0,0,1,0,0,0,0,0,0,0,0,0,0,0,5,4,0,1,0,5,0
./out/Debug/gen/base/base_build_config_gen/java_cpp_template/org/chromium/base/BuildConfig.java,1,1,0,0,1,0,0,0,1,0,1,0,0,0,1,0,3,3,0,0,0,3,0
./out/Debug_cronet/gen/components/cronet/android/cronet_test_apk__native_libraries_java/java_cpp_template/org/chromium/base/library_loader/NativeLibraries.java,1,1,0,0,1,0,0,0,0,0,0,0,0,0,0,0,5,4,0,1,0,5,0
./out/Debug_cronet/gen/components/cronet/android/cronet_test_apk__build_config_java/java_cpp_template/org/chromium/base/BuildConfig.java,1,1,0,0,1,0,0,0,1,0,1,0,0,0,1,0,3,3,0,0,0,3,0
./out/Debug_cronet/gen/components/cronet/android/load_states_list/java_cpp_template/org/chromium/net/impl/LoadState.java,1,0,1,0,1,0,0,0,0,0,0,0,0,0,0,0,17,17,0,0,0,17,0
./out/Debug_cronet/gen/components/cronet/android/templates/cronet_api_version_java/org/chromium/net/ApiVersion.java,1,1,0,0,1,0,0,0,5,0,5,0,0,0,5,0,4,0,0,0,4,4,0
./out/Debug_cronet/gen/components/cronet/android/templates/cronet_impl_version_java/org/chromium/net/impl/ImplVersion.java,1,1,0,0,1,0,0,0,4,0,4,0,0,0,4,0,3,0,0,0,3,3,0
./out/Debug_cronet/gen/net/android/net_test_support_apk__native_libraries_java/java_cpp_template/org/chromium/base/library_loader/NativeLibraries.java,1,1,0,0,1,0,0,0,0,0,0,0,0,0,0,0,5,4,0,1,0,5,0
./out/Debug_cronet/gen/net/android/net_test_support_apk__build_config_java/java_cpp_template/org/chromium/base/BuildConfig.java,1,1,0,0,1,0,0,0,1,0,1,0,0,0,1,0,3,3,0,0,0,3,0
./out/Debug_cronet/gen/net/android/net_errors_java/java_cpp_template/org/chromium/net/NetError.java,1,1,0,0,1,0,0,0,0,0,0,0,0,0,0,0,209,209,0,0,0,209,0
./out/Debug_cronet/gen/base/base_native_libraries_gen/java_cpp_template/org/chromium/base/library_loader/NativeLibraries.java,1,1,0,0,1,0,0,0,0,0,0,0,0,0,0,0,5,4,0,1,0,5,0
./out/Debug_cronet/gen/base/base_build_config_gen/java_cpp_template/org/chromium/base/BuildConfig.java,1,1,0,0,1,0,0,0,1,0,1,0,0,0,1,0,3,3,0,0,0,3,0
./testing/android/java/src/org/chromium/native_test/ChromeNativeTestActivity.java,1,1,0,0,1,0,0,0,7,0,3,0,0,4,0,7,3,0,0,0,3,3,0
